state_code,house_unitPrice,lease_unitPrice,center,center_lat,center_lon,cit,dist,vil,km_x,km_y
552226718,717000.0,,"(24.97196447627833, 121.57556719359505)",24.97196447627833,121.57556719359505,台北市,文山區,老泉里,2761.25,13359.25
552326738,341000.0,,"(24.976486334943115, 121.5786568323529)",24.976486334943115,121.5786568323529,台北市,文山區,指南里,2761.75,13369.25
552326739,436000.0,,"(24.976486334943115, 121.5832037836341)",24.976486334943115,121.5832037836341,台北市,文山區,指南里,2761.75,13369.75
552326740,406000.0,,"(24.976486334943115, 121.5877507349153)",24.976486334943115,121.5877507349153,台北市,文山區,指南里,2761.75,13370.25
552326741,480000.0,,"(24.976486334943115, 121.5922976861965)",24.976486334943115,121.5922976861965,台北市,文山區,指南里,2761.75,13370.75
552326742,368000.0,870.5,"(24.976486334943115, 121.5968446374777)",24.976486334943115,121.5968446374777,台北市,文山區,政大里,2761.75,13371.25
552426752,519000.0,,"(24.981008193607902, 121.55696370215156)",24.981008193607902,121.55696370215156,台北市,文山區,樟文里,2762.25,13376.25
552426754,456000.0,1142.0,"(24.981008193607902, 121.56605122396837)",24.981008193607902,121.56605122396837,台北市,文山區,樟腳里,2762.25,13377.25
552426755,517000.0,,"(24.981008193607902, 121.57059498487678)",24.981008193607902,121.57059498487678,台北市,文山區,老泉里,2762.25,13377.75
552426756,399000.0,,"(24.981008193607902, 121.57513874578518)",24.981008193607902,121.57513874578518,台北市,文山區,指南里,2762.25,13378.25
552426757,496000.0,937.0,"(24.981008193607902, 121.57968250669359)",24.981008193607902,121.57968250669359,台北市,文山區,指南里,2762.25,13378.75
552426758,439500.0,,"(24.981008193607902, 121.58422626760199)",24.981008193607902,121.58422626760199,台北市,文山區,指南里,2762.25,13379.25
552426759,427500.0,,"(24.981008193607902, 121.58877002851041)",24.981008193607902,121.58877002851041,台北市,文山區,指南里,2762.25,13379.75
552426760,383000.0,,"(24.981008193607902, 121.59331378941881)",24.981008193607902,121.59331378941881,台北市,文山區,政大里,2762.25,13380.25
552426761,491500.0,,"(24.981008193607902, 121.59785755032722)",24.981008193607902,121.59785755032722,台北市,文山區,政大里,2762.25,13380.75
552526768,621000.0,,"(24.985530052272686, 121.54686568959377)",24.985530052272686,121.54686568959377,台北市,文山區,試院里,2762.75,13384.25
552526770,346000.0,,"(24.985530052272686, 121.55594702517025)",24.985530052272686,121.55594702517025,台北市,文山區,樟林里,2762.75,13385.25
552526771,397500.0,,"(24.985530052272686, 121.5604876929585)",24.985530052272686,121.5604876929585,台北市,文山區,樟林里,2762.75,13385.75
552526772,405500.0,1000.0,"(24.985530052272686, 121.56502836074674)",24.985530052272686,121.56502836074674,台北市,文山區,忠順里,2762.75,13386.25
552526773,469000.0,1023.5,"(24.985530052272686, 121.56956902853499)",24.985530052272686,121.56956902853499,台北市,文山區,木新里,2762.75,13386.75
552526774,472000.0,,"(24.985530052272686, 121.57410969632323)",24.985530052272686,121.57410969632323,台北市,文山區,指南里,2762.75,13387.25
552526775,460000.0,1000.0,"(24.985530052272686, 121.57865036411147)",24.985530052272686,121.57865036411147,台北市,文山區,萬興里,2762.75,13387.75
552526776,437500.0,1200.0,"(24.985530052272686, 121.58319103189972)",24.985530052272686,121.58319103189972,台北市,文山區,政大里,2762.75,13388.25
552526777,418000.0,1068.0,"(24.985530052272686, 121.58773169968796)",24.985530052272686,121.58773169968796,台北市,文山區,指南里,2762.75,13388.75
552526778,414000.0,1108.5,"(24.985530052272686, 121.5922723674762)",24.985530052272686,121.5922723674762,台北市,文山區,政大里,2762.75,13389.25
552526779,454500.0,916.0,"(24.985530052272686, 121.59681303526445)",24.985530052272686,121.59681303526445,台北市,文山區,政大里,2762.75,13389.75
552626784,442500.0,921.0,"(24.99005191093747, 121.53926485947247)",24.99005191093747,121.53926485947247,台北市,文山區,景美里,2763.25,13392.25
552626785,428000.0,877.0,"(24.99005191093747, 121.54380253106834)",24.99005191093747,121.54380253106834,台北市,文山區,景東里,2763.25,13392.75
552626786,459500.0,1111.0,"(24.99005191093747, 121.5483402026642)",24.99005191093747,121.5483402026642,台北市,文山區,華興里,2763.25,13393.25
552626787,412500.0,941.0,"(24.99005191093747, 121.55287787426008)",24.99005191093747,121.55287787426008,台北市,文山區,華興里,2763.25,13393.75
552626788,538000.0,1250.0,"(24.99005191093747, 121.55741554585593)",24.99005191093747,121.55741554585593,台北市,文山區,華興里,2763.25,13394.25
552626789,581000.0,1303.5,"(24.99005191093747, 121.5619532174518)",24.99005191093747,121.5619532174518,台北市,文山區,明興里,2763.25,13394.75
552626790,401000.0,851.0,"(24.99005191093747, 121.56649088904767)",24.99005191093747,121.56649088904767,台北市,文山區,木柵里,2763.25,13395.25
552626791,487000.0,1428.0,"(24.99005191093747, 121.57102856064354)",24.99005191093747,121.57102856064354,台北市,文山區,木新里,2763.25,13395.75
552626792,464000.0,,"(24.99005191093747, 121.5755662322394)",24.99005191093747,121.5755662322394,台北市,文山區,萬興里,2763.25,13396.25
552626793,511000.0,1187.0,"(24.99005191093747, 121.58010390383527)",24.99005191093747,121.58010390383527,台北市,文山區,政大里,2763.25,13396.75
552626794,546500.0,1162.5,"(24.99005191093747, 121.58464157543114)",24.99005191093747,121.58464157543114,台北市,文山區,政大里,2763.25,13397.25
552626795,377000.0,,"(24.99005191093747, 121.589179247027)",24.99005191093747,121.589179247027,台北市,文山區,政大里,2763.25,13397.75
552626796,418000.0,1250.0,"(24.99005191093747, 121.59371691862286)",24.99005191093747,121.59371691862286,台北市,文山區,政大里,2763.25,13398.25
552626797,462000.0,,"(24.99005191093747, 121.59825459021873)",24.99005191093747,121.59825459021873,台北市,文山區,政大里,2763.25,13398.75
552626798,425000.0,862.0,"(24.99005191093747, 121.6027922618146)",24.99005191093747,121.6027922618146,台北市,文山區,政大里,2763.25,13399.25
552726801,429000.0,1200.0,"(24.99457376960226, 121.53869221668808)",24.99457376960226,121.53869221668808,台北市,文山區,景慶里,2763.75,13400.75
552726802,548000.0,961.0,"(24.99457376960226, 121.54322698870519)",24.99457376960226,121.54322698870519,台北市,文山區,景華里,2763.75,13401.25
552726803,435000.0,,"(24.99457376960226, 121.54776176072231)",24.99457376960226,121.54776176072231,台北市,文山區,景東里,2763.75,13401.75
552726804,367500.0,965.0,"(24.99457376960226, 121.55229653273942)",24.99457376960226,121.55229653273942,台北市,文山區,興得里,2763.75,13402.25
552726805,418000.0,1159.5,"(24.99457376960226, 121.55683130475653)",24.99457376960226,121.55683130475653,台北市,文山區,興得里,2763.75,13402.75
552726806,434000.0,,"(24.99457376960226, 121.56136607677365)",24.99457376960226,121.56136607677365,台北市,文山區,興家里,2763.75,13403.25
552726807,358000.0,,"(24.99457376960226, 121.56590084879076)",24.99457376960226,121.56590084879076,台北市,文山區,木柵里,2763.75,13403.75
552726808,344000.0,,"(24.99457376960226, 121.57043562080787)",24.99457376960226,121.57043562080787,台北市,文山區,萬芳里,2763.75,13404.25
552726809,372000.0,1250.0,"(24.99457376960226, 121.574970392825)",24.99457376960226,121.574970392825,台北市,文山區,萬興里,2763.75,13404.75
552726810,376000.0,,"(24.99457376960226, 121.5795051648421)",24.99457376960226,121.5795051648421,台北市,文山區,萬興里,2763.75,13405.25
552726811,446500.0,,"(24.99457376960226, 121.58403993685921)",24.99457376960226,121.58403993685921,台北市,文山區,萬興里,2763.75,13405.75
552726812,604000.0,,"(24.99457376960226, 121.58857470887634)",24.99457376960226,121.58857470887634,台北市,文山區,萬興里,2763.75,13406.25
552726813,377000.0,,"(24.99457376960226, 121.59310948089345)",24.99457376960226,121.59310948089345,台北市,文山區,萬興里,2763.75,13406.75
552726814,498000.0,,"(24.99457376960226, 121.59764425291056)",24.99457376960226,121.59764425291056,台北市,文山區,政大里,2763.75,13407.25
552826817,441000.0,,"(24.999095628267042, 121.53607191102348)",24.999095628267042,121.53607191102348,台北市,文山區,萬和里,2764.25,13408.75
552826818,507000.0,1250.0,"(24.999095628267042, 121.54060387977192)",24.999095628267042,121.54060387977192,台北市,文山區,萬有里,2764.25,13409.25
552826819,549500.0,1150.0,"(24.999095628267042, 121.54513584852035)",24.999095628267042,121.54513584852035,台北市,文山區,興豐里,2764.25,13409.75
552826820,475500.0,972.0,"(24.999095628267042, 121.54966781726878)",24.999095628267042,121.54966781726878,台北市,文山區,興安里,2764.25,13410.25
552826821,514000.0,1018.5,"(24.999095628267042, 121.55419978601721)",24.999095628267042,121.55419978601721,台北市,文山區,興得里,2764.25,13410.75
552826822,456500.0,1000.0,"(24.999095628267042, 121.55873175476565)",24.999095628267042,121.55873175476565,台北市,文山區,興光里,2764.25,13411.25
552826823,483000.0,,"(24.999095628267042, 121.56326372351407)",24.999095628267042,121.56326372351407,台北市,文山區,萬美里,2764.25,13411.75
552826824,453500.0,,"(24.999095628267042, 121.5677956922625)",24.999095628267042,121.5677956922625,台北市,文山區,萬美里,2764.25,13412.25
552826825,516000.0,1017.0,"(24.999095628267042, 121.57232766101093)",24.999095628267042,121.57232766101093,台北市,文山區,萬芳里,2764.25,13412.75
552826826,429000.0,880.0,"(24.999095628267042, 121.57685962975935)",24.999095628267042,121.57685962975935,台北市,文山區,博嘉里,2764.25,13413.25
552826827,437000.0,902.5,"(24.999095628267042, 121.58139159850779)",24.999095628267042,121.58139159850779,台北市,文山區,萬興里,2764.25,13413.75
552826828,410000.0,900.0,"(24.999095628267042, 121.58592356725622)",24.999095628267042,121.58592356725622,台北市,文山區,萬興里,2764.25,13414.25
552826829,567000.0,,"(24.999095628267042, 121.59045553600465)",24.999095628267042,121.59045553600465,台北市,文山區,博嘉里,2764.25,13414.75
552826830,364500.0,950.0,"(24.999095628267042, 121.59498750475308)",24.999095628267042,121.59498750475308,台北市,文山區,博嘉里,2764.25,13415.25
552926833,423000.0,,"(25.00361748693183, 121.53593837381486)",25.00361748693183,121.53593837381486,台北市,文山區,萬和里,2764.75,13416.75
552926834,422000.0,627.5,"(25.00361748693183, 121.54046763531164)",25.00361748693183,121.54046763531164,台北市,文山區,萬祥里,2764.75,13417.25
552926835,456000.0,,"(25.00361748693183, 121.54499689680841)",25.00361748693183,121.54499689680841,台北市,文山區,興豐里,2764.75,13417.75
552926836,417000.0,1600.0,"(25.00361748693183, 121.5495261583052)",25.00361748693183,121.5495261583052,台北市,文山區,興旺里,2764.75,13418.25
552926837,445000.0,1440.0,"(25.00361748693183, 121.55405541980197)",25.00361748693183,121.55405541980197,台北市,文山區,興泰里,2764.75,13418.75
552926838,372000.0,,"(25.00361748693183, 121.55858468129875)",25.00361748693183,121.55858468129875,台北市,文山區,興昌里,2764.75,13419.25
552926839,382000.0,951.0,"(25.00361748693183, 121.56311394279554)",25.00361748693183,121.56311394279554,台北市,文山區,興昌里,2764.75,13419.75
552926840,431500.0,,"(25.00361748693183, 121.56764320429231)",25.00361748693183,121.56764320429231,台北市,文山區,萬美里,2764.75,13420.25
552926841,432000.0,1250.0,"(25.00361748693183, 121.5721724657891)",25.00361748693183,121.5721724657891,台北市,文山區,博嘉里,2764.75,13420.75
552926842,431000.0,785.0,"(25.00361748693183, 121.57670172728587)",25.00361748693183,121.57670172728587,台北市,文山區,博嘉里,2764.75,13421.25
552926843,287000.0,,"(25.00361748693183, 121.58123098878265)",25.00361748693183,121.58123098878265,台北市,文山區,博嘉里,2764.75,13421.75
552926844,584000.0,,"(25.00361748693183, 121.58576025027942)",25.00361748693183,121.58576025027942,台北市,文山區,博嘉里,2764.75,13422.25
552926845,362000.0,1153.0,"(25.00361748693183, 121.5902895117762)",25.00361748693183,121.5902895117762,台北市,文山區,博嘉里,2764.75,13422.75
553026848,524000.0,,"(25.008139345596614, 121.53376197659627)",25.008139345596614,121.53376197659627,台北市,文山區,萬年里,2765.25,13424.25
553026849,415500.0,,"(25.008139345596614, 121.53828862657585)",25.008139345596614,121.53828862657585,台北市,文山區,萬盛里,2765.25,13424.75
553026850,458000.0,,"(25.008139345596614, 121.54281527655542)",25.008139345596614,121.54281527655542,台北市,文山區,萬盛里,2765.25,13425.25
553026851,395500.0,,"(25.008139345596614, 121.54734192653498)",25.008139345596614,121.54734192653498,台北市,文山區,興旺里,2765.25,13425.75
553026852,436000.0,,"(25.008139345596614, 121.55186857651456)",25.008139345596614,121.55186857651456,台北市,文山區,興旺里,2765.25,13426.25
553026853,405000.0,,"(25.008139345596614, 121.55639522649413)",25.008139345596614,121.55639522649413,台北市,文山區,興泰里,2765.25,13426.75
553026854,465000.0,,"(25.008139345596614, 121.56092187647371)",25.008139345596614,121.56092187647371,台北市,文山區,興昌里,2765.25,13427.25
553026855,412000.0,,"(25.008139345596614, 121.56544852645328)",25.008139345596614,121.56544852645328,台北市,大安區,黎和里,2765.25,13427.75
553026856,474000.0,,"(25.008139345596614, 121.56997517643286)",25.008139345596614,121.56997517643286,台北市,文山區,博嘉里,2765.25,13428.25
553126862,633000.0,,"(25.0126612042614, 121.52954754970315)",25.0126612042614,121.52954754970315,台北市,中正區,水源里,2765.75,13431.25
553126863,503000.0,,"(25.0126612042614, 121.53407168362776)",25.0126612042614,121.53407168362776,台北市,中正區,水源里,2765.75,13431.75
553126864,954500.0,,"(25.0126612042614, 121.53859581755236)",25.0126612042614,121.53859581755236,台北市,大安區,學府里,2765.75,13432.25
553126865,859500.0,1214.0,"(25.0126612042614, 121.54311995147697)",25.0126612042614,121.54311995147697,台北市,大安區,學府里,2765.75,13432.75
553126867,685500.0,1666.0,"(25.0126612042614, 121.55216821932618)",25.0126612042614,121.55216821932618,台北市,大安區,學府里,2765.75,13433.75
553126868,598000.0,,"(25.0126612042614, 121.55669235325078)",25.0126612042614,121.55669235325078,台北市,大安區,黎元里,2765.75,13434.25
553126870,618500.0,,"(25.0126612042614, 121.56574062109999)",25.0126612042614,121.56574062109999,台北市,信義區,黎安里,2765.75,13435.25
553226868,174000.0,,"(25.017183062926186, 121.49164762038903)",25.017183062926186,121.49164762038903,台北市,萬華區,華中里,2766.25,13434.25
553226870,352500.0,,"(25.017183062926186, 121.50069104652897)",25.017183062926186,121.50069104652897,台北市,萬華區,興德里,2766.25,13435.25
553226875,328500.0,,"(25.017183062926186, 121.5232996118788)",25.017183062926186,121.5232996118788,台北市,中正區,林興里,2766.25,13437.75
553226876,574000.0,,"(25.017183062926186, 121.52782132494876)",25.017183062926186,121.52782132494876,台北市,中正區,富水里,2766.25,13438.25
553226877,742000.0,,"(25.017183062926186, 121.53234303801874)",25.017183062926186,121.53234303801874,台北市,大安區,大學里,2766.25,13438.75
553226878,649000.0,,"(25.017183062926186, 121.5368647510887)",25.017183062926186,121.5368647510887,台北市,大安區,學府里,2766.25,13439.25
553226879,635500.0,1500.0,"(25.017183062926186, 121.54138646415866)",25.017183062926186,121.54138646415866,台北市,大安區,學府里,2766.25,13439.75
553226880,844500.0,,"(25.017183062926186, 121.54590817722863)",25.017183062926186,121.54590817722863,台北市,大安區,學府里,2766.25,13440.25
553226881,787000.0,1089.0,"(25.017183062926186, 121.5504298902986)",25.017183062926186,121.5504298902986,台北市,大安區,黎元里,2766.25,13440.75
553226882,682000.0,,"(25.017183062926186, 121.55495160336856)",25.017183062926186,121.55495160336856,台北市,大安區,黎孝里,2766.25,13441.25
553226883,448000.0,1333.0,"(25.017183062926186, 121.55947331643853)",25.017183062926186,121.55947331643853,台北市,大安區,黎和里,2766.25,13441.75
553226884,476000.0,1405.5,"(25.017183062926186, 121.56399502950849)",25.017183062926186,121.56399502950849,台北市,信義區,黎安里,2766.25,13442.25
553226885,508000.0,1227.0,"(25.017183062926186, 121.56851674257847)",25.017183062926186,121.56851674257847,台北市,信義區,泰和里,2766.25,13442.75
553226886,425000.0,1416.0,"(25.017183062926186, 121.57303845564843)",25.017183062926186,121.57303845564843,台北市,信義區,泰和里,2766.25,13443.25
553226887,515000.0,1414.0,"(25.017183062926186, 121.57756016871839)",25.017183062926186,121.57756016871839,台北市,信義區,六合里,2766.25,13443.75
553226888,496000.0,,"(25.017183062926186, 121.58208188178837)",25.017183062926186,121.58208188178837,台北市,信義區,六合里,2766.25,13444.25
553226889,427000.0,977.0,"(25.017183062926186, 121.58660359485833)",25.017183062926186,121.58660359485833,台北市,南港區,九如里,2766.25,13444.75
553226890,437000.0,962.0,"(25.017183062926186, 121.5911253079283)",25.017183062926186,121.5911253079283,台北市,南港區,九如里,2766.25,13445.25
553226892,487000.0,,"(25.017183062926186, 121.60016873406823)",25.017183062926186,121.60016873406823,台北市,南港區,九如里,2766.25,13446.25
553326882,387000.0,,"(25.02170492159097, 121.49242543599165)",25.02170492159097,121.49242543599165,台北市,萬華區,銘德里,2766.75,13441.25
553326883,430000.0,,"(25.02170492159097, 121.49694482315564)",25.02170492159097,121.49694482315564,台北市,萬華區,保德里,2766.75,13441.75
553326884,421000.0,772.0,"(25.02170492159097, 121.50146421031963)",25.02170492159097,121.50146421031963,台北市,萬華區,日祥里,2766.75,13442.25
553326885,843000.0,,"(25.02170492159097, 121.50598359748362)",25.02170492159097,121.50598359748362,台北市,萬華區,騰雲里,2766.75,13442.75
553326886,549000.0,1538.0,"(25.02170492159097, 121.51050298464762)",25.02170492159097,121.51050298464762,台北市,萬華區,騰雲里,2766.75,13443.25
553326888,461000.0,,"(25.02170492159097, 121.51954175897559)",25.02170492159097,121.51954175897559,台北市,中正區,網溪里,2766.75,13444.25
553326889,524500.0,1266.0,"(25.02170492159097, 121.52406114613959)",25.02170492159097,121.52406114613959,台北市,中正區,河堤里,2766.75,13444.75
553326890,509000.0,1280.0,"(25.02170492159097, 121.52858053330358)",25.02170492159097,121.52858053330358,台北市,大安區,古風里,2766.75,13445.25
553326891,632500.0,,"(25.02170492159097, 121.53309992046756)",25.02170492159097,121.53309992046756,台北市,大安區,大學里,2766.75,13445.75
553326892,498000.0,1166.0,"(25.02170492159097, 121.53761930763156)",25.02170492159097,121.53761930763156,台北市,大安區,龍門里,2766.75,13446.25
553326893,569000.0,1300.0,"(25.02170492159097, 121.54213869479555)",25.02170492159097,121.54213869479555,台北市,大安區,龍淵里,2766.75,13446.75
553326894,602000.0,1500.0,"(25.02170492159097, 121.54665808195955)",25.02170492159097,121.54665808195955,台北市,大安區,臥龍里,2766.75,13447.25
553326895,564000.0,1500.0,"(25.02170492159097, 121.55117746912353)",25.02170492159097,121.55117746912353,台北市,大安區,芳和里,2766.75,13447.75
553326896,750500.0,1500.0,"(25.02170492159097, 121.55569685628753)",25.02170492159097,121.55569685628753,台北市,信義區,黎平里,2766.75,13448.25
553326897,761000.0,,"(25.02170492159097, 121.56021624345152)",25.02170492159097,121.56021624345152,台北市,信義區,黎忠里,2766.75,13448.75
553326898,771500.0,,"(25.02170492159097, 121.5647356306155)",25.02170492159097,121.5647356306155,台北市,信義區,雙和里,2766.75,13449.25
553326899,656000.0,,"(25.02170492159097, 121.5692550177795)",25.02170492159097,121.5692550177795,台北市,信義區,泰和里,2766.75,13449.75
553326900,534000.0,,"(25.02170492159097, 121.57377440494349)",25.02170492159097,121.57377440494349,台北市,信義區,六合里,2766.75,13450.25
553326901,475000.0,,"(25.02170492159097, 121.57829379210749)",25.02170492159097,121.57829379210749,台北市,信義區,六合里,2766.75,13450.75
553326902,499000.0,,"(25.02170492159097, 121.58281317927147)",25.02170492159097,121.58281317927147,台北市,信義區,六合里,2766.75,13451.25
553326903,600000.0,1141.5,"(25.02170492159097, 121.58733256643546)",25.02170492159097,121.58733256643546,台北市,南港區,九如里,2766.75,13451.75
553326904,494500.0,,"(25.02170492159097, 121.59185195359946)",25.02170492159097,121.59185195359946,台北市,南港區,九如里,2766.75,13452.25
553326905,602000.0,,"(25.02170492159097, 121.59637134076344)",25.02170492159097,121.59637134076344,台北市,南港區,九如里,2766.75,13452.75
553426893,409500.0,1214.0,"(25.026226780255758, 121.48213394976086)",25.026226780255758,121.48213394976086,台北市,板橋區,港嘴里,2767.25,13446.75
553426894,440000.0,961.5,"(25.026226780255758, 121.48665110572605)",25.026226780255758,121.48665110572605,台北市,板橋區,振義里,2767.25,13447.25
553426895,381000.0,,"(25.026226780255758, 121.49116826169124)",25.026226780255758,121.49116826169124,台北市,萬華區,和德里,2767.25,13447.75
553426896,489000.0,1185.0,"(25.026226780255758, 121.49568541765642)",25.026226780255758,121.49568541765642,台北市,萬華區,忠德里,2767.25,13448.25
553426897,486000.0,1364.5,"(25.026226780255758, 121.5002025736216)",25.026226780255758,121.5002025736216,台北市,萬華區,全德里,2767.25,13448.75
553426898,601000.0,,"(25.026226780255758, 121.5047197295868)",25.026226780255758,121.5047197295868,台北市,萬華區,新和里,2767.25,13449.25
553426899,471000.0,,"(25.026226780255758, 121.50923688555199)",25.026226780255758,121.50923688555199,台北市,中正區,永昌里,2767.25,13449.75
553426900,791000.0,1172.5,"(25.026226780255758, 121.51375404151717)",25.026226780255758,121.51375404151717,台北市,中正區,永功里,2767.25,13450.25
553426901,559000.0,935.0,"(25.026226780255758, 121.51827119748236)",25.026226780255758,121.51827119748236,台北市,中正區,螢圃里,2767.25,13450.75
553426902,709000.0,1464.0,"(25.026226780255758, 121.52278835344755)",25.026226780255758,121.52278835344755,台北市,中正區,板溪里,2767.25,13451.25
553426903,704000.0,1571.0,"(25.026226780255758, 121.52730550941273)",25.026226780255758,121.52730550941273,台北市,大安區,錦安里,2767.25,13451.75
553426904,730000.0,1538.0,"(25.026226780255758, 121.53182266537792)",25.026226780255758,121.53182266537792,台北市,大安區,龍坡里,2767.25,13452.25
553426905,709000.0,1176.0,"(25.026226780255758, 121.5363398213431)",25.026226780255758,121.5363398213431,台北市,大安區,龍門里,2767.25,13452.75
553426906,740000.0,1750.0,"(25.026226780255758, 121.5408569773083)",25.026226780255758,121.5408569773083,台北市,大安區,龍生里,2767.25,13453.25
553426907,652500.0,1500.0,"(25.026226780255758, 121.54537413327348)",25.026226780255758,121.54537413327348,台北市,大安區,群英里,2767.25,13453.75
553426908,739000.0,1250.0,"(25.026226780255758, 121.54989128923867)",25.026226780255758,121.54989128923867,台北市,大安區,全安里,2767.25,13454.25
553426909,671000.0,1474.5,"(25.026226780255758, 121.55440844520386)",25.026226780255758,121.55440844520386,台北市,大安區,法治里,2767.25,13454.75
553426910,715000.0,1500.0,"(25.026226780255758, 121.55892560116905)",25.026226780255758,121.55892560116905,台北市,信義區,景勤里,2767.25,13455.25
553426911,565500.0,1267.5,"(25.026226780255758, 121.56344275713423)",25.026226780255758,121.56344275713423,台北市,信義區,雙和里,2767.25,13455.75
553426912,732500.0,1339.0,"(25.026226780255758, 121.56795991309941)",25.026226780255758,121.56795991309941,台北市,信義區,三張里,2767.25,13456.25
553426913,765000.0,,"(25.026226780255758, 121.5724770690646)",25.026226780255758,121.5724770690646,台北市,信義區,六合里,2767.25,13456.75
553426914,682000.0,,"(25.026226780255758, 121.5769942250298)",25.026226780255758,121.5769942250298,台北市,信義區,六合里,2767.25,13457.25
553426915,586500.0,1454.0,"(25.026226780255758, 121.58151138099498)",25.026226780255758,121.58151138099498,台北市,信義區,松隆里,2767.25,13457.75
553426916,686500.0,,"(25.026226780255758, 121.58602853696017)",25.026226780255758,121.58602853696017,台北市,信義區,松隆里,2767.25,13458.25
553426917,708000.0,,"(25.026226780255758, 121.59054569292536)",25.026226780255758,121.59054569292536,台北市,南港區,九如里,2767.25,13458.75
553426918,712500.0,,"(25.026226780255758, 121.59506284889054)",25.026226780255758,121.59506284889054,台北市,南港區,九如里,2767.25,13459.25
553526907,496000.0,937.0,"(25.030748638920542, 121.48788025881211)",25.030748638920542,121.48788025881211,台北市,萬華區,華江里,2767.75,13453.75
553526908,477000.0,1100.0,"(25.030748638920542, 121.49239527805429)",25.030748638920542,121.49239527805429,台北市,萬華區,綠堤里,2767.75,13454.25
553526909,821500.0,1250.0,"(25.030748638920542, 121.49691029729647)",25.030748638920542,121.49691029729647,台北市,萬華區,雙園里,2767.75,13454.75
553526910,653000.0,1500.0,"(25.030748638920542, 121.50142531653863)",25.030748638920542,121.50142531653863,台北市,萬華區,頂碩里,2767.75,13455.25
553526911,767000.0,1216.0,"(25.030748638920542, 121.5059403357808)",25.030748638920542,121.5059403357808,台北市,中正區,廈安里,2767.75,13455.75
553526912,654500.0,994.0,"(25.030748638920542, 121.51045535502298)",25.030748638920542,121.51045535502298,台北市,中正區,龍光里,2767.75,13456.25
553526913,674500.0,1400.0,"(25.030748638920542, 121.51497037426516)",25.030748638920542,121.51497037426516,台北市,中正區,龍福里,2767.75,13456.75
553526914,710000.0,1367.0,"(25.030748638920542, 121.51948539350734)",25.030748638920542,121.51948539350734,台北市,中正區,南福里,2767.75,13457.25
553526915,631000.0,1500.0,"(25.030748638920542, 121.52400041274952)",25.030748638920542,121.52400041274952,台北市,大安區,錦泰里,2767.75,13457.75
553526916,804000.0,1541.5,"(25.030748638920542, 121.52851543199168)",25.030748638920542,121.52851543199168,台北市,大安區,永康里,2767.75,13458.25
553526917,683000.0,1500.0,"(25.030748638920542, 121.53303045123386)",25.030748638920542,121.53303045123386,台北市,大安區,福住里,2767.75,13458.75
553526918,715000.0,1437.0,"(25.030748638920542, 121.53754547047603)",25.030748638920542,121.53754547047603,台北市,大安區,龍圖里,2767.75,13459.25
553526919,701000.0,1500.0,"(25.030748638920542, 121.54206048971821)",25.030748638920542,121.54206048971821,台北市,大安區,龍圖里,2767.75,13459.75
553526920,744000.0,1400.0,"(25.030748638920542, 121.54657550896039)",25.030748638920542,121.54657550896039,台北市,大安區,龍雲里,2767.75,13460.25
553526921,772000.0,1459.5,"(25.030748638920542, 121.55109052820255)",25.030748638920542,121.55109052820255,台北市,大安區,義安里,2767.75,13460.75
553526922,714000.0,,"(25.030748638920542, 121.55560554744473)",25.030748638920542,121.55560554744473,台北市,大安區,通化里,2767.75,13461.25
553526923,760000.0,,"(25.030748638920542, 121.5601205666869)",25.030748638920542,121.5601205666869,台北市,信義區,景聯里,2767.75,13461.75
553526924,683000.0,1395.5,"(25.030748638920542, 121.56463558592908)",25.030748638920542,121.56463558592908,台北市,信義區,景新里,2767.75,13462.25
553526925,810500.0,1442.0,"(25.030748638920542, 121.56915060517126)",25.030748638920542,121.56915060517126,台北市,信義區,三犁里,2767.75,13462.75
553526926,748000.0,1455.0,"(25.030748638920542, 121.57366562441342)",25.030748638920542,121.57366562441342,台北市,信義區,三犁里,2767.75,13463.25
553526927,1004500.0,2312.0,"(25.030748638920542, 121.5781806436556)",25.030748638920542,121.5781806436556,台北市,信義區,松隆里,2767.75,13463.75
553526928,798500.0,,"(25.030748638920542, 121.58269566289778)",25.030748638920542,121.58269566289778,台北市,信義區,松隆里,2767.75,13464.25
553526929,851000.0,,"(25.030748638920542, 121.58721068213995)",25.030748638920542,121.58721068213995,台北市,信義區,中行里,2767.75,13464.75
553526931,502000.0,821.0,"(25.030748638920542, 121.59624072062431)",25.030748638920542,121.59624072062431,台北市,南港區,九如里,2767.75,13465.75
553526932,558000.0,,"(25.030748638920542, 121.60075573986647)",25.030748638920542,121.60075573986647,台北市,南港區,九如里,2767.75,13466.25
553626919,404000.0,1350.0,"(25.035270497585326, 121.48707825765948)",25.035270497585326,121.48707825765948,台北市,萬華區,華江里,2768.25,13459.75
553626920,334000.0,931.5,"(25.035270497585326, 121.4915912344331)",25.035270497585326,121.4915912344331,台北市,萬華區,華江里,2768.25,13460.25
553626921,503000.0,1100.0,"(25.035270497585326, 121.49610421120673)",25.035270497585326,121.49610421120673,台北市,萬華區,糖部里,2768.25,13460.75
553626922,350000.0,,"(25.035270497585326, 121.50061718798035)",25.035270497585326,121.50061718798035,台北市,萬華區,富民里,2768.25,13461.25
553626923,739000.0,,"(25.035270497585326, 121.50513016475398)",25.035270497585326,121.50513016475398,台北市,萬華區,富福里,2768.25,13461.75
553626924,653500.0,1100.0,"(25.035270497585326, 121.5096431415276)",25.035270497585326,121.5096431415276,台北市,中正區,南門里,2768.25,13462.25
553626925,794000.0,1719.5,"(25.035270497585326, 121.51415611830124)",25.035270497585326,121.51415611830124,台北市,中正區,建國里,2768.25,13462.75
553626926,847000.0,1142.0,"(25.035270497585326, 121.51866909507487)",25.035270497585326,121.51866909507487,台北市,中正區,東門里,2768.25,13463.25
553626927,864000.0,1833.0,"(25.035270497585326, 121.5231820718485)",25.035270497585326,121.5231820718485,台北市,中正區,東門里,2768.25,13463.75
553626928,753500.0,1833.0,"(25.035270497585326, 121.52769504862212)",25.035270497585326,121.52769504862212,台北市,中正區,文祥里,2768.25,13464.25
553626929,807000.0,,"(25.035270497585326, 121.53220802539575)",25.035270497585326,121.53220802539575,台北市,中正區,三愛里,2768.25,13464.75
553626930,833000.0,1744.5,"(25.035270497585326, 121.53672100216937)",25.035270497585326,121.53672100216937,台北市,大安區,民炤里,2768.25,13465.25
553626931,835000.0,1253.5,"(25.035270497585326, 121.541233978943)",25.035270497585326,121.541233978943,台北市,大安區,和安里,2768.25,13465.75
553626932,749000.0,,"(25.035270497585326, 121.54574695571662)",25.035270497585326,121.54574695571662,台北市,大安區,仁慈里,2768.25,13466.25
553626933,746000.0,1078.0,"(25.035270497585326, 121.55025993249026)",25.035270497585326,121.55025993249026,台北市,大安區,敦安里,2768.25,13466.75
553626934,826000.0,1330.0,"(25.035270497585326, 121.55477290926389)",25.035270497585326,121.55477290926389,台北市,大安區,光信里,2768.25,13467.25
553626935,849000.0,,"(25.035270497585326, 121.55928588603751)",25.035270497585326,121.55928588603751,台北市,信義區,西村里,2768.25,13467.75
553626936,697000.0,,"(25.035270497585326, 121.56379886281114)",25.035270497585326,121.56379886281114,台北市,信義區,西村里,2768.25,13468.25
553626937,750000.0,1312.0,"(25.035270497585326, 121.56831183958477)",25.035270497585326,121.56831183958477,台北市,信義區,安康里,2768.25,13468.75
553626938,744000.0,1250.0,"(25.035270497585326, 121.57282481635839)",25.035270497585326,121.57282481635839,台北市,信義區,安康里,2768.25,13469.25
553626939,730000.0,1250.0,"(25.035270497585326, 121.57733779313202)",25.035270497585326,121.57733779313202,台北市,信義區,松友里,2768.25,13469.75
553626940,1015000.0,1500.0,"(25.035270497585326, 121.58185076990564)",25.035270497585326,121.58185076990564,台北市,信義區,松隆里,2768.25,13470.25
553626941,688000.0,1428.0,"(25.035270497585326, 121.58636374667927)",25.035270497585326,121.58636374667927,台北市,信義區,中行里,2768.25,13470.75
553626942,699000.0,,"(25.035270497585326, 121.59087672345291)",25.035270497585326,121.59087672345291,台北市,南港區,百福里,2768.25,13471.25
553626943,507000.0,,"(25.035270497585326, 121.59538970022653)",25.035270497585326,121.59538970022653,台北市,南港區,仁福里,2768.25,13471.75
553626944,594500.0,,"(25.035270497585326, 121.59990267700016)",25.035270497585326,121.59990267700016,台北市,南港區,新光里,2768.25,13472.25
553626945,348000.0,,"(25.035270497585326, 121.60441565377378)",25.035270497585326,121.60441565377378,台北市,南港區,九如里,2768.25,13472.75
553626946,355000.0,,"(25.035270497585326, 121.60892863054741)",25.035270497585326,121.60892863054741,台北市,南港區,九如里,2768.25,13473.25
553626947,334500.0,,"(25.035270497585326, 121.61344160732104)",25.035270497585326,121.61344160732104,台北市,南港區,九如里,2768.25,13473.75
553626949,213000.0,571.0,"(25.035270497585326, 121.62246756086829)",25.035270497585326,121.62246756086829,台北市,南港區,舊莊里,2768.25,13474.75
553626950,228000.0,,"(25.035270497585326, 121.62698053764193)",25.035270497585326,121.62698053764193,台北市,南港區,舊莊里,2768.25,13475.25
553626951,301000.0,,"(25.035270497585326, 121.63149351441555)",25.035270497585326,121.63149351441555,台北市,南港區,舊莊里,2768.25,13475.75
553626952,335000.0,,"(25.035270497585326, 121.63600649118918)",25.035270497585326,121.63600649118918,台北市,南港區,舊莊里,2768.25,13476.25
553726931,510000.0,977.0,"(25.039792356250114, 121.4887599599972)",25.039792356250114,121.4887599599972,台北市,萬華區,柳鄉里,2768.75,13465.75
553726932,502000.0,,"(25.039792356250114, 121.49327098834542)",25.039792356250114,121.49327098834542,台北市,萬華區,柳鄉里,2768.75,13466.25
553726933,447000.0,1383.0,"(25.039792356250114, 121.49778201669363)",25.039792356250114,121.49778201669363,台北市,萬華區,青山里,2768.75,13466.75
553726934,693000.0,1300.0,"(25.039792356250114, 121.50229304504185)",25.039792356250114,121.50229304504185,台北市,萬華區,福音里,2768.75,13467.25
553726935,467000.0,1214.0,"(25.039792356250114, 121.50680407339007)",25.039792356250114,121.50680407339007,台北市,萬華區,新起里,2768.75,13467.75
553726936,654000.0,1400.5,"(25.039792356250114, 121.51131510173829)",25.039792356250114,121.51131510173829,台北市,中正區,建國里,2768.75,13468.25
553726937,643000.0,1211.0,"(25.039792356250114, 121.51582613008651)",25.039792356250114,121.51582613008651,台北市,中正區,黎明里,2768.75,13468.75
553726938,829000.0,1500.0,"(25.039792356250114, 121.52033715843471)",25.039792356250114,121.52033715843471,台北市,中正區,東門里,2768.75,13469.25
553726939,709500.0,1400.0,"(25.039792356250114, 121.52484818678293)",25.039792356250114,121.52484818678293,台北市,中正區,東門里,2768.75,13469.75
553726940,865000.0,1375.0,"(25.039792356250114, 121.52935921513115)",25.039792356250114,121.52935921513115,台北市,中正區,文北里,2768.75,13470.25
553726941,936000.0,1750.0,"(25.039792356250114, 121.53387024347937)",25.039792356250114,121.53387024347937,台北市,大安區,民輝里,2768.75,13470.75
553726942,937000.0,1625.0,"(25.039792356250114, 121.53838127182759)",25.039792356250114,121.53838127182759,台北市,大安區,義村里,2768.75,13471.25
553726943,765000.0,1500.0,"(25.039792356250114, 121.54289230017581)",25.039792356250114,121.54289230017581,台北市,大安區,義村里,2768.75,13471.75
553726944,829500.0,1750.0,"(25.039792356250114, 121.54740332852401)",25.039792356250114,121.54740332852401,台北市,大安區,仁愛里,2768.75,13472.25
553726945,761000.0,1625.0,"(25.039792356250114, 121.55191435687223)",25.039792356250114,121.55191435687223,台北市,大安區,建倫里,2768.75,13472.75
553726946,793000.0,1534.0,"(25.039792356250114, 121.55642538522045)",25.039792356250114,121.55642538522045,台北市,大安區,正聲里,2768.75,13473.25
553726947,753000.0,1318.0,"(25.039792356250114, 121.56093641356867)",25.039792356250114,121.56093641356867,台北市,信義區,興隆里,2768.75,13473.75
553726948,880000.0,,"(25.039792356250114, 121.56544744191689)",25.039792356250114,121.56544744191689,台北市,信義區,興雅里,2768.75,13474.25
553726949,820000.0,,"(25.039792356250114, 121.5699584702651)",25.039792356250114,121.5699584702651,台北市,信義區,興雅里,2768.75,13474.75
553726950,845000.0,1625.0,"(25.039792356250114, 121.57446949861333)",25.039792356250114,121.57446949861333,台北市,信義區,廣居里,2768.75,13475.25
553726951,671500.0,,"(25.039792356250114, 121.57898052696153)",25.039792356250114,121.57898052696153,台北市,信義區,松光里,2768.75,13475.75
553726952,715000.0,1277.0,"(25.039792356250114, 121.58349155530975)",25.039792356250114,121.58349155530975,台北市,信義區,中坡里,2768.75,13476.25
553726953,620000.0,1650.0,"(25.039792356250114, 121.58800258365797)",25.039792356250114,121.58800258365797,台北市,南港區,百福里,2768.75,13476.75
553726954,647000.0,1366.0,"(25.039792356250114, 121.59251361200619)",25.039792356250114,121.59251361200619,台北市,南港區,仁福里,2768.75,13477.25
553726955,500000.0,,"(25.039792356250114, 121.5970246403544)",25.039792356250114,121.5970246403544,台北市,南港區,仁福里,2768.75,13477.75
553726956,450500.0,1166.0,"(25.039792356250114, 121.60153566870262)",25.039792356250114,121.60153566870262,台北市,南港區,中南里,2768.75,13478.25
553726957,465000.0,733.0,"(25.039792356250114, 121.60604669705083)",25.039792356250114,121.60604669705083,台北市,南港區,中南里,2768.75,13478.75
553726958,296000.0,,"(25.039792356250114, 121.61055772539905)",25.039792356250114,121.61055772539905,台北市,南港區,中研里,2768.75,13479.25
553726959,550500.0,,"(25.039792356250114, 121.61506875374727)",25.039792356250114,121.61506875374727,台北市,南港區,中研里,2768.75,13479.75
553826944,432500.0,1374.5,"(25.0443142149149, 121.49743249913097)",25.0443142149149,121.49743249913097,台北市,萬華區,菜園里,2769.25,13472.25
553826945,686000.0,1333.0,"(25.0443142149149, 121.50194167289553)",25.0443142149149,121.50194167289553,台北市,萬華區,菜園里,2769.25,13472.75
553826946,749000.0,1250.0,"(25.0443142149149, 121.50645084666009)",25.0443142149149,121.50645084666009,台北市,萬華區,萬壽里,2769.25,13473.25
553826947,506000.0,1500.0,"(25.0443142149149, 121.51096002042465)",25.0443142149149,121.51096002042465,台北市,中正區,光復里,2769.25,13473.75
553826948,550500.0,1029.0,"(25.0443142149149, 121.51546919418921)",25.0443142149149,121.51546919418921,台北市,中正區,黎明里,2769.25,13474.25
553826949,603000.0,1428.0,"(25.0443142149149, 121.51997836795375)",25.0443142149149,121.51997836795375,台北市,中正區,幸福里,2769.25,13474.75
553826950,630000.0,1171.0,"(25.0443142149149, 121.52448754171832)",25.0443142149149,121.52448754171832,台北市,中正區,幸福里,2769.25,13475.25
553826951,788500.0,1500.0,"(25.0443142149149, 121.52899671548288)",25.0443142149149,121.52899671548288,台北市,中正區,梅花里,2769.25,13475.75
553826952,826500.0,1333.0,"(25.0443142149149, 121.53350588924744)",25.0443142149149,121.53350588924744,台北市,大安區,民輝里,2769.25,13476.25
553826953,744000.0,1666.0,"(25.0443142149149, 121.538015063012)",25.0443142149149,121.538015063012,台北市,大安區,昌隆里,2769.25,13476.75
553826954,850000.0,1550.0,"(25.0443142149149, 121.54252423677656)",25.0443142149149,121.54252423677656,台北市,大安區,誠安里,2769.25,13477.25
553826955,705500.0,1666.0,"(25.0443142149149, 121.5470334105411)",25.0443142149149,121.5470334105411,台北市,大安區,光武里,2769.25,13477.75
553826956,719000.0,1033.0,"(25.0443142149149, 121.55154258430566)",25.0443142149149,121.55154258430566,台北市,大安區,建安里,2769.25,13478.25
553826957,655000.0,1500.0,"(25.0443142149149, 121.55605175807023)",25.0443142149149,121.55605175807023,台北市,大安區,華聲里,2769.25,13478.75
553826958,677000.0,1333.0,"(25.0443142149149, 121.56056093183479)",25.0443142149149,121.56056093183479,台北市,信義區,新仁里,2769.25,13479.25
553826959,724500.0,1360.0,"(25.0443142149149, 121.56507010559935)",25.0443142149149,121.56507010559935,台北市,信義區,新仁里,2769.25,13479.75
553826960,670000.0,1354.0,"(25.0443142149149, 121.5695792793639)",25.0443142149149,121.5695792793639,台北市,信義區,敦厚里,2769.25,13480.25
553826961,724000.0,1500.0,"(25.0443142149149, 121.57408845312845)",25.0443142149149,121.57408845312845,台北市,信義區,五全里,2769.25,13480.75
553826962,685000.0,,"(25.0443142149149, 121.57859762689301)",25.0443142149149,121.57859762689301,台北市,信義區,永春里,2769.25,13481.25
553826963,648000.0,1333.0,"(25.0443142149149, 121.58310680065757)",25.0443142149149,121.58310680065757,台北市,南港區,萬福里,2769.25,13481.75
553826964,627000.0,1380.0,"(25.0443142149149, 121.58761597442214)",25.0443142149149,121.58761597442214,台北市,南港區,成福里,2769.25,13482.25
553826965,593000.0,1000.0,"(25.0443142149149, 121.59212514818668)",25.0443142149149,121.59212514818668,台北市,南港區,成福里,2769.25,13482.75
553826966,564000.0,1250.0,"(25.0443142149149, 121.59663432195124)",25.0443142149149,121.59663432195124,台北市,南港區,新光里,2769.25,13483.25
553826967,647000.0,1375.0,"(25.0443142149149, 121.6011434957158)",25.0443142149149,121.6011434957158,台北市,南港區,中南里,2769.25,13483.75
553826968,610000.0,1237.5,"(25.0443142149149, 121.60565266948036)",25.0443142149149,121.60565266948036,台北市,南港區,中南里,2769.25,13484.25
553826969,661000.0,1125.0,"(25.0443142149149, 121.61016184324492)",25.0443142149149,121.61016184324492,台北市,南港區,中研里,2769.25,13484.75
553826970,474000.0,,"(25.0443142149149, 121.61467101700947)",25.0443142149149,121.61467101700947,台北市,南港區,中研里,2769.25,13485.25
553926956,853000.0,1500.0,"(25.048836073579686, 121.50407398313715)",25.048836073579686,121.50407398313715,台北市,萬華區,福星里,2769.75,13478.25
553926957,543000.0,1333.0,"(25.048836073579686, 121.5085813959683)",25.048836073579686,121.5085813959683,台北市,大同區,玉泉里,2769.75,13478.75
553926958,623000.0,1700.0,"(25.048836073579686, 121.51308880879947)",25.048836073579686,121.51308880879947,台北市,中正區,光復里,2769.75,13479.25
553926959,666000.0,1357.0,"(25.048836073579686, 121.51759622163063)",25.048836073579686,121.51759622163063,台北市,大同區,建明里,2769.75,13479.75
553926960,622000.0,1437.0,"(25.048836073579686, 121.52210363446179)",25.048836073579686,121.52210363446179,台北市,中山區,正得里,2769.75,13480.25
553926961,650000.0,1250.0,"(25.048836073579686, 121.52661104729295)",25.048836073579686,121.52661104729295,台北市,中山區,正義里,2769.75,13480.75
553926962,675500.0,1500.0,"(25.048836073579686, 121.5311184601241)",25.048836073579686,121.5311184601241,台北市,中山區,興亞里,2769.75,13481.25
553926963,801000.0,1418.0,"(25.048836073579686, 121.53562587295526)",25.048836073579686,121.53562587295526,台北市,中山區,朱園里,2769.75,13481.75
553926964,598500.0,1692.0,"(25.048836073579686, 121.54013328578642)",25.048836073579686,121.54013328578642,台北市,中山區,力行里,2769.75,13482.25
553926965,690000.0,1500.0,"(25.048836073579686, 121.54464069861758)",25.048836073579686,121.54464069861758,台北市,松山區,中正里,2769.75,13482.75
553926966,761000.0,1500.0,"(25.048836073579686, 121.54914811144874)",25.048836073579686,121.54914811144874,台北市,松山區,美仁里,2769.75,13483.25
553926967,734500.0,1428.0,"(25.048836073579686, 121.5536555242799)",25.048836073579686,121.5536555242799,台北市,松山區,美仁里,2769.75,13483.75
553926968,678000.0,1571.0,"(25.048836073579686, 121.55816293711106)",25.048836073579686,121.55816293711106,台北市,松山區,吉祥里,2769.75,13484.25
553926969,656000.0,1327.0,"(25.048836073579686, 121.56267034994222)",25.048836073579686,121.56267034994222,台北市,松山區,吉祥里,2769.75,13484.75
553926970,566000.0,1272.0,"(25.048836073579686, 121.56717776277338)",25.048836073579686,121.56717776277338,台北市,松山區,新聚里,2769.75,13485.25
553926971,618000.0,,"(25.048836073579686, 121.57168517560453)",25.048836073579686,121.57168517560453,台北市,信義區,雅祥里,2769.75,13485.75
553926972,622000.0,1500.0,"(25.048836073579686, 121.57619258843569)",25.048836073579686,121.57619258843569,台北市,信義區,四育里,2769.75,13486.25
553926973,547500.0,1785.0,"(25.048836073579686, 121.58070000126685)",25.048836073579686,121.58070000126685,台北市,南港區,合成里,2769.75,13486.75
553926974,548000.0,884.0,"(25.048836073579686, 121.58520741409801)",25.048836073579686,121.58520741409801,台北市,南港區,合成里,2769.75,13487.25
553926975,712500.0,1375.0,"(25.048836073579686, 121.58971482692917)",25.048836073579686,121.58971482692917,台北市,南港區,聯成里,2769.75,13487.75
553926976,658000.0,,"(25.048836073579686, 121.59422223976033)",25.048836073579686,121.59422223976033,台北市,南港區,新光里,2769.75,13488.25
553926977,531500.0,1200.0,"(25.048836073579686, 121.59872965259149)",25.048836073579686,121.59872965259149,台北市,南港區,新光里,2769.75,13488.75
553926978,390000.0,1066.5,"(25.048836073579686, 121.60323706542265)",25.048836073579686,121.60323706542265,台北市,南港區,新光里,2769.75,13489.25
553926979,792000.0,636.0,"(25.048836073579686, 121.6077444782538)",25.048836073579686,121.6077444782538,台北市,南港區,中南里,2769.75,13489.75
553926980,479000.0,,"(25.048836073579686, 121.61225189108497)",25.048836073579686,121.61225189108497,台北市,南港區,中南里,2769.75,13490.25
554026966,550000.0,1050.0,"(25.05335793224447, 121.50418242227317)",25.05335793224447,121.50418242227317,台北市,大同區,玉泉里,2770.25,13483.25
554026967,565000.0,1375.0,"(25.05335793224447, 121.50868816763955)",25.05335793224447,121.50868816763955,台北市,大同區,永樂里,2770.25,13483.75
554026968,600500.0,1416.0,"(25.05335793224447, 121.51319391300592)",25.05335793224447,121.51319391300592,台北市,大同區,建功里,2770.25,13484.25
554026969,650500.0,1500.0,"(25.05335793224447, 121.5176996583723)",25.05335793224447,121.5176996583723,台北市,大同區,星明里,2770.25,13484.75
554026970,629000.0,,"(25.05335793224447, 121.52220540373867)",25.05335793224447,121.52220540373867,台北市,中山區,民安里,2770.25,13485.25
554026971,673000.0,1444.0,"(25.05335793224447, 121.52671114910504)",25.05335793224447,121.52671114910504,台北市,中山區,康樂里,2770.25,13485.75
554026972,603500.0,1354.5,"(25.05335793224447, 121.53121689447141)",25.05335793224447,121.53121689447141,台北市,中山區,中吉里,2770.25,13486.25
554026973,642000.0,1450.0,"(25.05335793224447, 121.53572263983779)",25.05335793224447,121.53572263983779,台北市,中山區,中央里,2770.25,13486.75
554026974,700000.0,1486.5,"(25.05335793224447, 121.54022838520414)",25.05335793224447,121.54022838520414,台北市,中山區,復華里,2770.25,13487.25
554026975,597000.0,1470.0,"(25.05335793224447, 121.54473413057052)",25.05335793224447,121.54473413057052,台北市,松山區,中正里,2770.25,13487.75
554026976,664000.0,1538.0,"(25.05335793224447, 121.54923987593689)",25.05335793224447,121.54923987593689,台北市,松山區,中華里,2770.25,13488.25
554026977,672500.0,1277.0,"(25.05335793224447, 121.55374562130326)",25.05335793224447,121.55374562130326,台北市,松山區,東勢里,2770.25,13488.75
554026978,635000.0,1227.0,"(25.05335793224447, 121.55825136666964)",25.05335793224447,121.55825136666964,台北市,松山區,東光里,2770.25,13489.25
554026979,618000.0,1274.5,"(25.05335793224447, 121.56275711203601)",25.05335793224447,121.56275711203601,台北市,松山區,東光里,2770.25,13489.75
554026980,655000.0,,"(25.05335793224447, 121.56726285740238)",25.05335793224447,121.56726285740238,台北市,松山區,安平里,2770.25,13490.25
554026981,628500.0,1272.0,"(25.05335793224447, 121.57176860276876)",25.05335793224447,121.57176860276876,台北市,松山區,新東里,2770.25,13490.75
554026982,607500.0,,"(25.05335793224447, 121.57627434813513)",25.05335793224447,121.57627434813513,台北市,內湖區,行善里,2770.25,13491.25
554026983,630500.0,,"(25.05335793224447, 121.5807800935015)",25.05335793224447,121.5807800935015,台北市,內湖區,行善里,2770.25,13491.75
554026984,442000.0,1200.0,"(25.05335793224447, 121.58528583886788)",25.05335793224447,121.58528583886788,台北市,南港區,玉成里,2770.25,13492.25
554026985,391000.0,,"(25.05335793224447, 121.58979158423425)",25.05335793224447,121.58979158423425,台北市,南港區,西新里,2770.25,13492.75
554026986,416000.0,1250.0,"(25.05335793224447, 121.59429732960062)",25.05335793224447,121.59429732960062,台北市,南港區,西新里,2770.25,13493.25
554026987,442500.0,1005.0,"(25.05335793224447, 121.598803074967)",25.05335793224447,121.598803074967,台北市,南港區,東明里,2770.25,13493.75
554026988,475500.0,1292.5,"(25.05335793224447, 121.60330882033337)",25.05335793224447,121.60330882033337,台北市,南港區,東明里,2770.25,13494.25
554026989,456000.0,,"(25.05335793224447, 121.60781456569973)",25.05335793224447,121.60781456569973,台北市,南港區,南港里,2770.25,13494.75
554026990,461000.0,1100.0,"(25.05335793224447, 121.6123203110661)",25.05335793224447,121.6123203110661,台北市,南港區,中南里,2770.25,13495.25
554026991,455000.0,1400.0,"(25.05335793224447, 121.61682605643247)",25.05335793224447,121.61682605643247,台北市,南港區,新富里,2770.25,13495.75
554126976,610000.0,1514.5,"(25.057879790909254, 121.50677433223211)",25.057879790909254,121.50677433223211,台北市,大同區,大有里,2770.75,13488.25
554126977,726000.0,,"(25.057879790909254, 121.51127850343046)",25.057879790909254,121.51127850343046,台北市,大同區,大有里,2770.75,13488.75
554126978,800500.0,1444.0,"(25.057879790909254, 121.51578267462881)",25.057879790909254,121.51578267462881,台北市,大同區,雙連里,2770.75,13489.25
554126979,513500.0,1230.0,"(25.057879790909254, 121.52028684582716)",25.057879790909254,121.52028684582716,台北市,大同區,雙連里,2770.75,13489.75
554126980,472500.0,1333.0,"(25.057879790909254, 121.5247910170255)",25.057879790909254,121.5247910170255,台北市,中山區,中山里,2770.75,13490.25
554126981,539000.0,1437.0,"(25.057879790909254, 121.52929518822386)",25.057879790909254,121.52929518822386,台北市,中山區,中原里,2770.75,13490.75
554126982,497000.0,1285.0,"(25.057879790909254, 121.5337993594222)",25.057879790909254,121.5337993594222,台北市,中山區,中央里,2770.75,13491.25
554126983,640000.0,1375.0,"(25.057879790909254, 121.53830353062055)",25.057879790909254,121.53830353062055,台北市,中山區,江山里,2770.75,13491.75
554126984,598000.0,1400.0,"(25.057879790909254, 121.5428077018189)",25.057879790909254,121.5428077018189,台北市,中山區,江山里,2770.75,13492.25
554126985,622000.0,1409.0,"(25.057879790909254, 121.54731187301724)",25.057879790909254,121.54731187301724,台北市,松山區,民有里,2770.75,13492.75
554126986,615500.0,1444.0,"(25.057879790909254, 121.55181604421558)",25.057879790909254,121.55181604421558,台北市,松山區,精忠里,2770.75,13493.25
554126987,624000.0,1333.0,"(25.057879790909254, 121.55632021541393)",25.057879790909254,121.55632021541393,台北市,松山區,介壽里,2770.75,13493.75
554126988,642000.0,,"(25.057879790909254, 121.56082438661228)",25.057879790909254,121.56082438661228,台北市,松山區,介壽里,2770.75,13494.25
554126989,602000.0,,"(25.057879790909254, 121.56532855781063)",25.057879790909254,121.56532855781063,台北市,松山區,富泰里,2770.75,13494.75
554126990,637000.0,1363.0,"(25.057879790909254, 121.56983272900898)",25.057879790909254,121.56983272900898,台北市,松山區,新東里,2770.75,13495.25
554126991,604000.0,1200.0,"(25.057879790909254, 121.57433690020733)",25.057879790909254,121.57433690020733,台北市,內湖區,湖元里,2770.75,13495.75
554126992,655000.0,1250.0,"(25.057879790909254, 121.57884107140568)",25.057879790909254,121.57884107140568,台北市,內湖區,週美里,2770.75,13496.25
554126993,593000.0,1250.0,"(25.057879790909254, 121.58334524260403)",25.057879790909254,121.58334524260403,台北市,內湖區,週美里,2770.75,13496.75
554126994,555000.0,1312.0,"(25.057879790909254, 121.58784941380237)",25.057879790909254,121.58784941380237,台北市,內湖區,石潭里,2770.75,13497.25
554126995,601000.0,1260.5,"(25.057879790909254, 121.59235358500072)",25.057879790909254,121.59235358500072,台北市,南港區,西新里,2770.75,13497.75
554126996,572000.0,1017.5,"(25.057879790909254, 121.59685775619907)",25.057879790909254,121.59685775619907,台北市,南港區,重陽里,2770.75,13498.25
554126997,697500.0,1250.0,"(25.057879790909254, 121.60136192739742)",25.057879790909254,121.60136192739742,台北市,南港區,東新里,2770.75,13498.75
554126998,424000.0,1250.0,"(25.057879790909254, 121.60586609859577)",25.057879790909254,121.60586609859577,台北市,南港區,南港里,2770.75,13499.25
554126999,523000.0,1333.0,"(25.057879790909254, 121.61037026979412)",25.057879790909254,121.61037026979412,台北市,南港區,南港里,2770.75,13499.75
554127001,604500.0,1195.0,"(25.057879790909254, 121.61937861219081)",25.057879790909254,121.61937861219081,台北市,南港區,三重里,2770.75,13500.75
554226985,483000.0,,"(25.062401649574042, 121.50734544739284)",25.062401649574042,121.50734544739284,台北市,大同區,南芳里,2771.25,13492.75
554226986,639000.0,,"(25.062401649574042, 121.51184813755783)",25.062401649574042,121.51184813755783,台北市,大同區,南芳里,2771.25,13493.25
554226987,596000.0,1411.0,"(25.062401649574042, 121.51635082772282)",25.062401649574042,121.51635082772282,台北市,大同區,民權里,2771.25,13493.75
554226988,719000.0,1402.0,"(25.062401649574042, 121.52085351788782)",25.062401649574042,121.52085351788782,台北市,中山區,集英里,2771.25,13494.25
554226989,575000.0,1397.5,"(25.062401649574042, 121.52535620805281)",25.062401649574042,121.52535620805281,台北市,中山區,聚葉里,2771.25,13494.75
554226990,624500.0,1434.0,"(25.062401649574042, 121.5298588982178)",25.062401649574042,121.5298588982178,台北市,中山區,新生里,2771.25,13495.25
554226991,556000.0,1305.0,"(25.062401649574042, 121.5343615883828)",25.062401649574042,121.5343615883828,台北市,中山區,松江里,2771.25,13495.75
554226992,636000.0,,"(25.062401649574042, 121.53886427854778)",25.062401649574042,121.53886427854778,台北市,中山區,行仁里,2771.25,13496.25
554226993,670500.0,1250.0,"(25.062401649574042, 121.54336696871277)",25.062401649574042,121.54336696871277,台北市,中山區,下埤里,2771.25,13496.75
554226994,681000.0,,"(25.062401649574042, 121.54786965887777)",25.062401649574042,121.54786965887777,台北市,松山區,民福里,2771.25,13497.25
554226995,669000.0,1456.5,"(25.062401649574042, 121.55237234904276)",25.062401649574042,121.55237234904276,台北市,松山區,精忠里,2771.25,13497.75
554226996,617000.0,1321.0,"(25.062401649574042, 121.55687503920775)",25.062401649574042,121.55687503920775,台北市,松山區,精忠里,2771.25,13498.25
554226997,539500.0,,"(25.062401649574042, 121.56137772937275)",25.062401649574042,121.56137772937275,台北市,松山區,三民里,2771.25,13498.75
554226998,616500.0,1140.0,"(25.062401649574042, 121.56588041953773)",25.062401649574042,121.56588041953773,台北市,松山區,新益里,2771.25,13499.25
554226999,552000.0,1137.0,"(25.062401649574042, 121.57038310970273)",25.062401649574042,121.57038310970273,台北市,松山區,新東里,2771.25,13499.75
554227000,533500.0,1270.5,"(25.062401649574042, 121.57488579986772)",25.062401649574042,121.57488579986772,台北市,內湖區,湖元里,2771.25,13500.25
554227001,550000.0,,"(25.062401649574042, 121.57938849003271)",25.062401649574042,121.57938849003271,台北市,內湖區,湖元里,2771.25,13500.75
554227002,506500.0,,"(25.062401649574042, 121.58389118019771)",25.062401649574042,121.58389118019771,台北市,內湖區,湖元里,2771.25,13501.25
554227003,644000.0,1052.0,"(25.062401649574042, 121.5883938703627)",25.062401649574042,121.5883938703627,台北市,內湖區,石潭里,2771.25,13501.75
554227004,459000.0,1118.0,"(25.062401649574042, 121.59289656052769)",25.062401649574042,121.59289656052769,台北市,內湖區,石潭里,2771.25,13502.25
554227005,804000.0,,"(25.062401649574042, 121.59739925069267)",25.062401649574042,121.59739925069267,台北市,內湖區,蘆洲里,2771.25,13502.75
554227006,528000.0,1222.0,"(25.062401649574042, 121.60190194085767)",25.062401649574042,121.60190194085767,台北市,內湖區,蘆洲里,2771.25,13503.25
554227007,582000.0,,"(25.062401649574042, 121.60640463102267)",25.062401649574042,121.60640463102267,台北市,內湖區,蘆洲里,2771.25,13503.75
554227008,497000.0,500.0,"(25.062401649574042, 121.61090732118765)",25.062401649574042,121.61090732118765,台北市,南港區,三重里,2771.25,13504.25
554227009,606000.0,1333.0,"(25.062401649574042, 121.61541001135265)",25.062401649574042,121.61541001135265,台北市,南港區,三重里,2771.25,13504.75
554227010,575500.0,1088.5,"(25.062401649574042, 121.61991270151763)",25.062401649574042,121.61991270151763,台北市,南港區,三重里,2771.25,13505.25
554326994,579500.0,1400.0,"(25.066923508238826, 121.5103999143309)",25.066923508238826,121.5103999143309,台北市,大同區,國順里,2771.75,13497.25
554326995,547500.0,1396.0,"(25.066923508238826, 121.51490121644483)",25.066923508238826,121.51490121644483,台北市,大同區,揚雅里,2771.75,13497.75
554326996,717000.0,,"(25.066923508238826, 121.51940251855875)",25.066923508238826,121.51940251855875,台北市,大同區,斯文里,2771.75,13498.25
554326997,527000.0,1300.0,"(25.066923508238826, 121.52390382067267)",25.066923508238826,121.52390382067267,台北市,中山區,圓山里,2771.75,13498.75
554326998,520000.0,1250.0,"(25.066923508238826, 121.5284051227866)",25.066923508238826,121.5284051227866,台北市,中山區,新庄里,2771.75,13499.25
554326999,481000.0,2500.0,"(25.066923508238826, 121.53290642490052)",25.066923508238826,121.53290642490052,台北市,中山區,新喜里,2771.75,13499.75
554327000,555000.0,1195.0,"(25.066923508238826, 121.53740772701445)",25.066923508238826,121.53740772701445,台北市,中山區,行孝里,2771.75,13500.25
554327001,548500.0,,"(25.066923508238826, 121.54190902912838)",25.066923508238826,121.54190902912838,台北市,中山區,下埤里,2771.75,13500.75
554327002,523500.0,1137.5,"(25.066923508238826, 121.5464103312423)",25.066923508238826,121.5464103312423,台北市,松山區,民福里,2771.75,13501.25
554327003,493000.0,,"(25.066923508238826, 121.55091163335622)",25.066923508238826,121.55091163335622,台北市,松山區,精忠里,2771.75,13501.75
554327004,502500.0,,"(25.066923508238826, 121.55541293547014)",25.066923508238826,121.55541293547014,台北市,松山區,精忠里,2771.75,13502.25
554327005,567500.0,,"(25.066923508238826, 121.55991423758407)",25.066923508238826,121.55991423758407,台北市,松山區,精忠里,2771.75,13502.75
554327007,471500.0,,"(25.066923508238826, 121.56891684181191)",25.066923508238826,121.56891684181191,台北市,松山區,莊敬里,2771.75,13503.75
554327008,412000.0,1195.0,"(25.066923508238826, 121.57341814392584)",25.066923508238826,121.57341814392584,台北市,內湖區,湖元里,2771.75,13504.25
554327009,479000.0,1229.0,"(25.066923508238826, 121.57791944603977)",25.066923508238826,121.57791944603977,台北市,內湖區,湖元里,2771.75,13504.75
554327010,412000.0,,"(25.066923508238826, 121.5824207481537)",25.066923508238826,121.5824207481537,台北市,內湖區,湖元里,2771.75,13505.25
554327011,487000.0,,"(25.066923508238826, 121.58692205026762)",25.066923508238826,121.58692205026762,台北市,內湖區,湖元里,2771.75,13505.75
554327012,433000.0,,"(25.066923508238826, 121.59142335238154)",25.066923508238826,121.59142335238154,台北市,內湖區,寶湖里,2771.75,13506.25
554327013,501000.0,,"(25.066923508238826, 121.59592465449546)",25.066923508238826,121.59592465449546,台北市,內湖區,寶湖里,2771.75,13506.75
554327014,479000.0,,"(25.066923508238826, 121.60042595660939)",25.066923508238826,121.60042595660939,台北市,內湖區,寶湖里,2771.75,13507.25
554327015,555000.0,1272.0,"(25.066923508238826, 121.60492725872331)",25.066923508238826,121.60492725872331,台北市,內湖區,南湖里,2771.75,13507.75
554327016,533000.0,1165.5,"(25.066923508238826, 121.60942856083723)",25.066923508238826,121.60942856083723,台北市,內湖區,南湖里,2771.75,13508.25
554327017,517000.0,1125.0,"(25.066923508238826, 121.61392986295117)",25.066923508238826,121.61392986295117,台北市,內湖區,五分里,2771.75,13508.75
554427001,533000.0,1232.5,"(25.071445366903614, 121.50693637624495)",25.071445366903614,121.50693637624495,台北市,大同區,鄰江里,2772.25,13500.75
554427002,526000.0,1250.0,"(25.071445366903614, 121.5114363831474)",25.071445366903614,121.5114363831474,台北市,大同區,鄰江里,2772.25,13501.25
554427003,524000.0,1538.0,"(25.071445366903614, 121.51593639004983)",25.071445366903614,121.51593639004983,台北市,大同區,至聖里,2772.25,13501.75
554427004,550000.0,1083.0,"(25.071445366903614, 121.52043639695228)",25.071445366903614,121.52043639695228,台北市,中山區,圓山里,2772.25,13502.25
554427005,442000.0,,"(25.071445366903614, 121.52493640385471)",25.071445366903614,121.52493640385471,台北市,中山區,圓山里,2772.25,13502.75
554427006,568500.0,1083.0,"(25.071445366903614, 121.52943641075716)",25.071445366903614,121.52943641075716,台北市,中山區,新庄里,2772.25,13503.25
554427007,977000.0,,"(25.071445366903614, 121.5339364176596)",25.071445366903614,121.5339364176596,台北市,中山區,大佳里,2772.25,13503.75
554427014,393000.0,,"(25.071445366903614, 121.56543646597667)",25.071445366903614,121.56543646597667,台北市,松山區,莊敬里,2772.25,13507.25
554427015,597000.0,1681.0,"(25.071445366903614, 121.56993647287912)",25.071445366903614,121.56993647287912,台北市,松山區,莊敬里,2772.25,13507.75
554427016,524000.0,1788.0,"(25.071445366903614, 121.57443647978157)",25.071445366903614,121.57443647978157,台北市,內湖區,湖元里,2772.25,13508.25
554427017,591500.0,,"(25.071445366903614, 121.578936486684)",25.071445366903614,121.578936486684,台北市,內湖區,湖元里,2772.25,13508.75
554427018,552000.0,1142.0,"(25.071445366903614, 121.58343649358645)",25.071445366903614,121.58343649358645,台北市,內湖區,湖興里,2772.25,13509.25
554427019,581000.0,,"(25.071445366903614, 121.58793650048888)",25.071445366903614,121.58793650048888,台北市,內湖區,湖興里,2772.25,13509.75
554427020,541000.0,,"(25.071445366903614, 121.59243650739133)",25.071445366903614,121.59243650739133,台北市,內湖區,寶湖里,2772.25,13510.25
554427021,405000.0,,"(25.071445366903614, 121.59693651429376)",25.071445366903614,121.59693651429376,台北市,內湖區,金湖里,2772.25,13510.75
554427022,540500.0,,"(25.071445366903614, 121.6014365211962)",25.071445366903614,121.6014365211962,台北市,內湖區,金湖里,2772.25,13511.25
554427023,463500.0,,"(25.071445366903614, 121.60593652809864)",25.071445366903614,121.60593652809864,台北市,內湖區,葫洲里,2772.25,13511.75
554427024,509000.0,,"(25.071445366903614, 121.61043653500109)",25.071445366903614,121.61043653500109,台北市,內湖區,明湖里,2772.25,13512.25
554427025,474500.0,,"(25.071445366903614, 121.61493654190353)",25.071445366903614,121.61493654190353,台北市,內湖區,安湖里,2772.25,13512.75
554427026,528000.0,,"(25.071445366903614, 121.61943654880596)",25.071445366903614,121.61943654880596,台北市,內湖區,樂康里,2772.25,13513.25
554527008,480000.0,,"(25.075967225568398, 121.50595856922395)",25.075967225568398,121.50595856922395,台北市,士林區,富光里,2772.75,13504.25
554527009,581000.0,,"(25.075967225568398, 121.51045737362142)",25.075967225568398,121.51045737362142,台北市,大同區,老師里,2772.75,13504.75
554527010,432000.0,1375.0,"(25.075967225568398, 121.5149561780189)",25.075967225568398,121.5149561780189,台北市,大同區,重慶里,2772.75,13505.25
554527011,404000.0,,"(25.075967225568398, 121.51945498241638)",25.075967225568398,121.51945498241638,台北市,大同區,重慶里,2772.75,13505.75
554527014,533000.0,,"(25.075967225568398, 121.5329513956088)",25.075967225568398,121.5329513956088,台北市,中山區,劍潭里,2772.75,13507.25
554527018,341000.0,,"(25.075967225568398, 121.5509466131987)",25.075967225568398,121.5509466131987,台北市,中山區,成功里,2772.75,13509.25
554527019,700000.0,1666.0,"(25.075967225568398, 121.55544541759618)",25.075967225568398,121.55544541759618,台北市,中山區,金泰里,2772.75,13509.75
554527020,803000.0,,"(25.075967225568398, 121.55994422199366)",25.075967225568398,121.55994422199366,台北市,中山區,金泰里,2772.75,13510.25
554527021,743500.0,,"(25.075967225568398, 121.56444302639113)",25.075967225568398,121.56444302639113,台北市,中山區,金泰里,2772.75,13510.75
554527022,515000.0,,"(25.075967225568398, 121.5689418307886)",25.075967225568398,121.5689418307886,台北市,內湖區,港墘里,2772.75,13511.25
554527023,463000.0,1210.0,"(25.075967225568398, 121.57344063518609)",25.075967225568398,121.57344063518609,台北市,內湖區,港墘里,2772.75,13511.75
554527024,485000.0,1519.0,"(25.075967225568398, 121.57793943958356)",25.075967225568398,121.57793943958356,台北市,內湖區,港墘里,2772.75,13512.25
554527025,510000.0,1400.0,"(25.075967225568398, 121.58243824398103)",25.075967225568398,121.58243824398103,台北市,內湖區,瑞陽里,2772.75,13512.75
554527026,554000.0,1600.0,"(25.075967225568398, 121.58693704837852)",25.075967225568398,121.58693704837852,台北市,內湖區,紫陽里,2772.75,13513.25
554527027,572000.0,,"(25.075967225568398, 121.59143585277599)",25.075967225568398,121.59143585277599,台北市,內湖區,紫陽里,2772.75,13513.75
554527028,512000.0,,"(25.075967225568398, 121.59593465717346)",25.075967225568398,121.59593465717346,台北市,內湖區,紫雲里,2772.75,13514.25
554527029,467500.0,,"(25.075967225568398, 121.60043346157094)",25.075967225568398,121.60043346157094,台北市,內湖區,紫雲里,2772.75,13514.75
554527030,504000.0,,"(25.075967225568398, 121.60493226596842)",25.075967225568398,121.60493226596842,台北市,內湖區,金湖里,2772.75,13515.25
554527031,300500.0,,"(25.075967225568398, 121.60943107036589)",25.075967225568398,121.60943107036589,台北市,內湖區,金湖里,2772.75,13515.75
554527032,418000.0,,"(25.075967225568398, 121.61392987476337)",25.075967225568398,121.61392987476337,台北市,內湖區,康寧里,2772.75,13516.25
554527033,322500.0,,"(25.075967225568398, 121.61842867916084)",25.075967225568398,121.61842867916084,台北市,內湖區,安泰里,2772.75,13516.75
554527034,395500.0,,"(25.075967225568398, 121.62292748355831)",25.075967225568398,121.62292748355831,台北市,內湖區,內溝里,2772.75,13517.25
554627015,400000.0,,"(25.080489084233182, 121.50746510482449)",25.080489084233182,121.50746510482449,台北市,士林區,富光里,2773.25,13507.75
554627016,439000.0,800.0,"(25.080489084233182, 121.51196279930006)",25.080489084233182,121.51196279930006,台北市,士林區,福順里,2773.25,13508.25
554627017,380000.0,886.0,"(25.080489084233182, 121.51646049377564)",25.080489084233182,121.51646049377564,台北市,士林區,福華里,2773.25,13508.75
554627018,480000.0,1050.0,"(25.080489084233182, 121.5209581882512)",25.080489084233182,121.5209581882512,台北市,士林區,明勝里,2773.25,13509.25
554627019,438000.0,,"(25.080489084233182, 121.52545588272677)",25.080489084233182,121.52545588272677,台北市,中山區,劍潭里,2773.25,13509.75
554627020,583000.0,1072.0,"(25.080489084233182, 121.52995357720235)",25.080489084233182,121.52995357720235,台北市,中山區,劍潭里,2773.25,13510.25
554627021,492500.0,1428.0,"(25.080489084233182, 121.53445127167792)",25.080489084233182,121.53445127167792,台北市,中山區,劍潭里,2773.25,13510.75
554627022,796000.0,,"(25.080489084233182, 121.5389489661535)",25.080489084233182,121.5389489661535,台北市,中山區,劍潭里,2773.25,13511.25
554627023,533500.0,,"(25.080489084233182, 121.54344666062907)",25.080489084233182,121.54344666062907,台北市,中山區,劍潭里,2773.25,13511.75
554627024,688500.0,,"(25.080489084233182, 121.54794435510463)",25.080489084233182,121.54794435510463,台北市,中山區,大直里,2773.25,13512.25
554627025,604000.0,1272.0,"(25.080489084233182, 121.55244204958021)",25.080489084233182,121.55244204958021,台北市,中山區,成功里,2773.25,13512.75
554627026,763000.0,,"(25.080489084233182, 121.55693974405578)",25.080489084233182,121.55693974405578,台北市,中山區,金泰里,2773.25,13513.25
554627027,586000.0,1300.0,"(25.080489084233182, 121.56143743853136)",25.080489084233182,121.56143743853136,台北市,中山區,金泰里,2773.25,13513.75
554627028,701500.0,1769.0,"(25.080489084233182, 121.56593513300693)",25.080489084233182,121.56593513300693,台北市,內湖區,西湖里,2773.25,13514.25
554627029,542000.0,1313.5,"(25.080489084233182, 121.5704328274825)",25.080489084233182,121.5704328274825,台北市,內湖區,港墘里,2773.25,13514.75
554627030,614000.0,1129.0,"(25.080489084233182, 121.57493052195808)",25.080489084233182,121.57493052195808,台北市,內湖區,港都里,2773.25,13515.25
554627031,495000.0,1400.0,"(25.080489084233182, 121.57942821643364)",25.080489084233182,121.57942821643364,台北市,內湖區,港富里,2773.25,13515.75
554627032,483000.0,1168.5,"(25.080489084233182, 121.58392591090922)",25.080489084233182,121.58392591090922,台北市,內湖區,湖濱里,2773.25,13516.25
554627033,470500.0,1285.0,"(25.080489084233182, 121.58842360538479)",25.080489084233182,121.58842360538479,台北市,內湖區,湖濱里,2773.25,13516.75
554627034,580500.0,,"(25.080489084233182, 121.59292129986036)",25.080489084233182,121.59292129986036,台北市,內湖區,紫星里,2773.25,13517.25
554627035,649500.0,1136.0,"(25.080489084233182, 121.59741899433594)",25.080489084233182,121.59741899433594,台北市,內湖區,清白里,2773.25,13517.75
554627036,596000.0,,"(25.080489084233182, 121.60191668881151)",25.080489084233182,121.60191668881151,台北市,內湖區,秀湖里,2773.25,13518.25
554627037,652000.0,,"(25.080489084233182, 121.60641438328707)",25.080489084233182,121.60641438328707,台北市,內湖區,秀湖里,2773.25,13518.75
554627038,447000.0,,"(25.080489084233182, 121.61091207776265)",25.080489084233182,121.61091207776265,台北市,內湖區,金湖里,2773.25,13519.25
554727021,405000.0,796.0,"(25.08501094289797, 121.50695817287694)",25.08501094289797,121.50695817287694,台北市,士林區,葫蘆里,2773.75,13510.75
554727022,430000.0,,"(25.08501094289797, 121.51145484989978)",25.08501094289797,121.51145484989978,台北市,士林區,葫東里,2773.75,13511.25
554727023,395500.0,1342.5,"(25.08501094289797, 121.51595152692262)",25.08501094289797,121.51595152692262,台北市,士林區,百齡里,2773.75,13511.75
554727024,411500.0,1214.0,"(25.08501094289797, 121.52044820394548)",25.08501094289797,121.52044820394548,台北市,士林區,前港里,2773.75,13512.25
554727025,382000.0,1200.0,"(25.08501094289797, 121.52494488096832)",25.08501094289797,121.52494488096832,台北市,士林區,義信里,2773.75,13512.75
554727026,471000.0,1158.0,"(25.08501094289797, 121.52944155799116)",25.08501094289797,121.52944155799116,台北市,士林區,福林里,2773.75,13513.25
554727027,695500.0,2083.0,"(25.08501094289797, 121.53393823501402)",25.08501094289797,121.53393823501402,台北市,中山區,劍潭里,2773.75,13513.75
554727028,629000.0,,"(25.08501094289797, 121.53843491203686)",25.08501094289797,121.53843491203686,台北市,中山區,劍潭里,2773.75,13514.25
554727029,774000.0,,"(25.08501094289797, 121.5429315890597)",25.08501094289797,121.5429315890597,台北市,中山區,劍潭里,2773.75,13514.75
554727030,702000.0,,"(25.08501094289797, 121.54742826608256)",25.08501094289797,121.54742826608256,台北市,中山區,大直里,2773.75,13515.25
554727031,652000.0,1000.0,"(25.08501094289797, 121.5519249431054)",25.08501094289797,121.5519249431054,台北市,中山區,成功里,2773.75,13515.75
554727032,526500.0,1455.0,"(25.08501094289797, 121.55642162012826)",25.08501094289797,121.55642162012826,台北市,中山區,北安里,2773.75,13516.25
554727033,495000.0,,"(25.08501094289797, 121.5609182971511)",25.08501094289797,121.5609182971511,台北市,內湖區,西康里,2773.75,13516.75
554727034,531000.0,1333.0,"(25.08501094289797, 121.56541497417395)",25.08501094289797,121.56541497417395,台北市,內湖區,西湖里,2773.75,13517.25
554727035,520000.0,647.0,"(25.08501094289797, 121.5699116511968)",25.08501094289797,121.5699116511968,台北市,內湖區,西湖里,2773.75,13517.75
554727036,486500.0,1225.0,"(25.08501094289797, 121.57440832821965)",25.08501094289797,121.57440832821965,台北市,內湖區,港華里,2773.75,13518.25
554727037,477000.0,1266.0,"(25.08501094289797, 121.57890500524249)",25.08501094289797,121.57890500524249,台北市,內湖區,港富里,2773.75,13518.75
554727038,579000.0,,"(25.08501094289797, 121.58340168226535)",25.08501094289797,121.58340168226535,台北市,內湖區,湖濱里,2773.75,13519.25
554727039,750000.0,1285.0,"(25.08501094289797, 121.58789835928819)",25.08501094289797,121.58789835928819,台北市,內湖區,湖濱里,2773.75,13519.75
554727040,530000.0,1300.0,"(25.08501094289797, 121.59239503631103)",25.08501094289797,121.59239503631103,台北市,內湖區,內湖里,2773.75,13520.25
554727041,514000.0,,"(25.08501094289797, 121.59689171333389)",25.08501094289797,121.59689171333389,台北市,內湖區,金龍里,2773.75,13520.75
554727042,460000.0,,"(25.08501094289797, 121.60138839035673)",25.08501094289797,121.60138839035673,台北市,內湖區,秀湖里,2773.75,13521.25
554727043,541000.0,,"(25.08501094289797, 121.60588506737957)",25.08501094289797,121.60588506737957,台北市,內湖區,大湖里,2773.75,13521.75
554727044,574500.0,1142.0,"(25.08501094289797, 121.61038174440243)",25.08501094289797,121.61038174440243,台北市,內湖區,安泰里,2773.75,13522.25
554727045,469000.0,1125.0,"(25.08501094289797, 121.61487842142527)",25.08501094289797,121.61487842142527,台北市,內湖區,安泰里,2773.75,13522.75
554827025,317000.0,,"(25.089532801562754, 121.49994391842316)",25.089532801562754,121.49994391842316,台北市,士林區,永倫里,2774.25,13512.75
554827026,484000.0,933.0,"(25.089532801562754, 121.50443967035812)",25.089532801562754,121.50443967035812,台北市,士林區,永倫里,2774.25,13513.25
554827027,408000.0,,"(25.089532801562754, 121.50893542229309)",25.089532801562754,121.50893542229309,台北市,士林區,社子里,2774.25,13513.75
554827028,421000.0,750.0,"(25.089532801562754, 121.51343117422806)",25.089532801562754,121.51343117422806,台北市,士林區,福中里,2774.25,13514.25
554827029,489500.0,1125.0,"(25.089532801562754, 121.51792692616301)",25.089532801562754,121.51792692616301,台北市,士林區,後港里,2774.25,13514.75
554827030,439000.0,1466.5,"(25.089532801562754, 121.52242267809798)",25.089532801562754,121.52242267809798,台北市,士林區,義信里,2774.25,13515.25
554827031,477000.0,1500.0,"(25.089532801562754, 121.52691843003295)",25.089532801562754,121.52691843003295,台北市,士林區,仁勇里,2774.25,13515.75
554827032,698000.0,1500.0,"(25.089532801562754, 121.53141418196792)",25.089532801562754,121.53141418196792,台北市,士林區,福林里,2774.25,13516.25
554827033,580000.0,,"(25.089532801562754, 121.53590993390289)",25.089532801562754,121.53590993390289,台北市,中山區,劍潭里,2774.25,13516.75
554827036,508500.0,,"(25.089532801562754, 121.54939718970778)",25.089532801562754,121.54939718970778,台北市,中山區,北安里,2774.25,13518.25
554827037,417000.0,,"(25.089532801562754, 121.55389294164274)",25.089532801562754,121.55389294164274,台北市,中山區,北安里,2774.25,13518.75
554827038,464000.0,,"(25.089532801562754, 121.55838869357771)",25.089532801562754,121.55838869357771,台北市,內湖區,西康里,2774.25,13519.25
554827039,461000.0,,"(25.089532801562754, 121.56288444551268)",25.089532801562754,121.56288444551268,台北市,內湖區,西安里,2774.25,13519.75
554827040,493000.0,,"(25.089532801562754, 121.56738019744765)",25.089532801562754,121.56738019744765,台北市,內湖區,西安里,2774.25,13520.25
554827042,406000.0,,"(25.089532801562754, 121.57637170131758)",25.089532801562754,121.57637170131758,台北市,內湖區,港華里,2774.25,13521.25
554827043,507000.0,,"(25.089532801562754, 121.58086745325254)",25.089532801562754,121.58086745325254,台北市,內湖區,金瑞里,2774.25,13521.75
554827044,428000.0,1133.0,"(25.089532801562754, 121.5853632051875)",25.089532801562754,121.5853632051875,台北市,內湖區,金瑞里,2774.25,13522.25
554827045,426000.0,,"(25.089532801562754, 121.58985895712247)",25.089532801562754,121.58985895712247,台北市,內湖區,碧山里,2774.25,13522.75
554827046,526500.0,,"(25.089532801562754, 121.59435470905744)",25.089532801562754,121.59435470905744,台北市,內湖區,碧山里,2774.25,13523.25
554827047,370000.0,,"(25.089532801562754, 121.59885046099241)",25.089532801562754,121.59885046099241,台北市,內湖區,大湖里,2774.25,13523.75
554827048,405500.0,,"(25.089532801562754, 121.60334621292738)",25.089532801562754,121.60334621292738,台北市,內湖區,大湖里,2774.25,13524.25
554927029,328000.0,666.0,"(25.094054660227542, 121.49541627599467)",25.094054660227542,121.49541627599467,台北市,士林區,福安里,2774.75,13514.75
554927030,389000.0,757.0,"(25.094054660227542, 121.49991119511178)",25.094054660227542,121.49991119511178,台北市,士林區,永倫里,2774.75,13515.25
554927031,376500.0,,"(25.094054660227542, 121.5044061142289)",25.094054660227542,121.5044061142289,台北市,士林區,永倫里,2774.75,13515.75
554927032,600000.0,1333.0,"(25.094054660227542, 121.508901033346)",25.094054660227542,121.508901033346,台北市,士林區,社園里,2774.75,13516.25
554927033,519000.0,1750.0,"(25.094054660227542, 121.51339595246313)",25.094054660227542,121.51339595246313,台北市,士林區,後港里,2774.75,13516.75
554927034,569000.0,916.0,"(25.094054660227542, 121.51789087158024)",25.094054660227542,121.51789087158024,台北市,士林區,福佳里,2774.75,13517.25
554927035,819000.0,,"(25.094054660227542, 121.52238579069734)",25.094054660227542,121.52238579069734,台北市,士林區,福德里,2774.75,13517.75
554927036,935000.0,1166.0,"(25.094054660227542, 121.52688070981446)",25.094054660227542,121.52688070981446,台北市,士林區,福林里,2774.75,13518.25
554927037,548000.0,1383.5,"(25.094054660227542, 121.53137562893157)",25.094054660227542,121.53137562893157,台北市,士林區,福林里,2774.75,13518.75
554927038,635000.0,,"(25.094054660227542, 121.53587054804869)",25.094054660227542,121.53587054804869,台北市,士林區,福林里,2774.75,13519.25
554927041,233000.0,,"(25.094054660227542, 121.54935530540003)",25.094054660227542,121.54935530540003,台北市,士林區,臨溪里,2774.75,13520.75
554927042,1037000.0,,"(25.094054660227542, 121.55385022451713)",25.094054660227542,121.55385022451713,台北市,士林區,臨溪里,2774.75,13521.25
555027037,618500.0,1625.0,"(25.098576518892326, 121.51135076032901)",25.098576518892326,121.51135076032901,台北市,北投區,洲美里,2775.25,13518.75
555027038,514000.0,1360.0,"(25.098576518892326, 121.51584493881298)",25.098576518892326,121.51584493881298,台北市,士林區,福佳里,2775.25,13519.25
555027039,527000.0,1275.0,"(25.098576518892326, 121.52033911729696)",25.098576518892326,121.52033911729696,台北市,士林區,福佳里,2775.25,13519.75
555027040,522000.0,1500.0,"(25.098576518892326, 121.52483329578092)",25.098576518892326,121.52483329578092,台北市,士林區,舊佳里,2775.25,13520.25
555027041,583000.0,1000.0,"(25.098576518892326, 121.52932747426489)",25.098576518892326,121.52932747426489,台北市,士林區,福志里,2775.25,13520.75
555027042,760000.0,1057.0,"(25.098576518892326, 121.53382165274886)",25.098576518892326,121.53382165274886,台北市,士林區,福志里,2775.25,13521.25
555027043,465000.0,1071.0,"(25.098576518892326, 121.53831583123282)",25.098576518892326,121.53831583123282,台北市,士林區,福林里,2775.25,13521.75
555027044,618000.0,1187.0,"(25.098576518892326, 121.5428100097168)",25.098576518892326,121.5428100097168,台北市,士林區,臨溪里,2775.25,13522.25
555027045,420000.0,,"(25.098576518892326, 121.54730418820077)",25.098576518892326,121.54730418820077,台北市,士林區,臨溪里,2775.25,13522.75
555027046,474000.0,,"(25.098576518892326, 121.55179836668474)",25.098576518892326,121.55179836668474,台北市,士林區,臨溪里,2775.25,13523.25
555027047,842000.0,,"(25.098576518892326, 121.5562925451687)",25.098576518892326,121.5562925451687,台北市,士林區,臨溪里,2775.25,13523.75
555127036,268000.0,,"(25.10309837755711, 121.48932275529444)",25.10309837755711,121.48932275529444,台北市,士林區,福安里,2775.75,13518.25
555127041,1004000.0,1090.0,"(25.10309837755711, 121.51179040509291)",25.10309837755711,121.51179040509291,台北市,北投區,建民里,2775.75,13520.75
555127042,569000.0,,"(25.10309837755711, 121.51628393505261)",25.10309837755711,121.51628393505261,台北市,北投區,建民里,2775.75,13521.25
555127043,607000.0,1414.0,"(25.10309837755711, 121.5207774650123)",25.10309837755711,121.5207774650123,台北市,士林區,德華里,2775.75,13521.75
555127044,539000.0,1120.0,"(25.10309837755711, 121.525270994972)",25.10309837755711,121.525270994972,台北市,士林區,德行里,2775.75,13522.25
555127045,612000.0,1666.0,"(25.10309837755711, 121.5297645249317)",25.10309837755711,121.5297645249317,台北市,士林區,名山里,2775.75,13522.75
555127046,639000.0,,"(25.10309837755711, 121.5342580548914)",25.10309837755711,121.5342580548914,台北市,士林區,岩山里,2775.75,13523.25
555127047,573000.0,959.0,"(25.10309837755711, 121.53875158485108)",25.10309837755711,121.53875158485108,台北市,士林區,岩山里,2775.75,13523.75
555227037,146000.0,450.0,"(25.107620236221898, 121.47877040881235)",25.107620236221898,121.47877040881235,台北市,士林區,富洲里,2776.25,13518.75
555227038,103000.0,,"(25.107620236221898, 121.48326338229026)",25.107620236221898,121.48326338229026,台北市,士林區,富洲里,2776.25,13519.25
555227041,208000.0,,"(25.107620236221898, 121.49674230272397)",25.107620236221898,121.49674230272397,台北市,士林區,福安里,2776.25,13520.75
555227044,706500.0,,"(25.107620236221898, 121.51022122315769)",25.107620236221898,121.51022122315769,台北市,北投區,建民里,2776.25,13522.25
555227045,498500.0,1000.0,"(25.107620236221898, 121.51471419663558)",25.107620236221898,121.51471419663558,台北市,北投區,建民里,2776.25,13522.75
555227046,539500.0,1265.0,"(25.107620236221898, 121.51920717011349)",25.107620236221898,121.51920717011349,台北市,北投區,建民里,2776.25,13523.25
555227047,638000.0,1044.5,"(25.107620236221898, 121.52370014359138)",25.107620236221898,121.52370014359138,台北市,士林區,蘭興里,2776.25,13523.75
555227048,554500.0,1360.0,"(25.107620236221898, 121.52819311706929)",25.107620236221898,121.52819311706929,台北市,士林區,忠誠里,2776.25,13524.25
555227049,564000.0,,"(25.107620236221898, 121.5326860905472)",25.107620236221898,121.5326860905472,台北市,士林區,聖山里,2776.25,13524.75
555227050,580000.0,1083.0,"(25.107620236221898, 121.5371790640251)",25.107620236221898,121.5371790640251,台北市,士林區,岩山里,2776.25,13525.25
555227051,420000.0,,"(25.107620236221898, 121.541672037503)",25.107620236221898,121.541672037503,台北市,士林區,芝山里,2776.25,13525.75
555227052,413000.0,,"(25.107620236221898, 121.5461650109809)",25.107620236221898,121.5461650109809,台北市,士林區,永福里,2776.25,13526.25
555227054,514500.0,,"(25.107620236221898, 121.55515095793672)",25.107620236221898,121.55515095793672,台北市,士林區,臨溪里,2776.25,13527.25
555227055,319000.0,,"(25.107620236221898, 121.55964393141461)",25.107620236221898,121.55964393141461,台北市,士林區,翠山里,2776.25,13527.75
555227056,374000.0,781.0,"(25.107620236221898, 121.56413690489252)",25.107620236221898,121.56413690489252,台北市,士林區,翠山里,2776.25,13528.25
555227057,392000.0,,"(25.107620236221898, 121.56862987837042)",25.107620236221898,121.56862987837042,台北市,士林區,翠山里,2776.25,13528.75
555327046,455000.0,,"(25.112142094886682, 121.50664417218168)",25.112142094886682,121.50664417218168,台北市,北投區,福興里,2776.75,13523.25
555327047,644000.0,1128.0,"(25.112142094886682, 121.51113668116334)",25.112142094886682,121.51113668116334,台北市,北投區,福興里,2776.75,13523.75
555327048,537000.0,1250.0,"(25.112142094886682, 121.51562919014498)",25.112142094886682,121.51562919014498,台北市,北投區,榮光里,2776.75,13524.25
555327049,605000.0,1181.0,"(25.112142094886682, 121.52012169912663)",25.112142094886682,121.52012169912663,台北市,北投區,裕民里,2776.75,13524.75
555327050,559000.0,1132.0,"(25.112142094886682, 121.52461420810829)",25.112142094886682,121.52461420810829,台北市,北投區,榮華里,2776.75,13525.25
555327051,548500.0,1079.0,"(25.112142094886682, 121.52910671708993)",25.112142094886682,121.52910671708993,台北市,士林區,天祿里,2776.75,13525.75
555327052,479500.0,1130.0,"(25.112142094886682, 121.53359922607159)",25.112142094886682,121.53359922607159,台北市,士林區,三玉里,2776.75,13526.25
555327053,495000.0,1071.0,"(25.112142094886682, 121.53809173505323)",25.112142094886682,121.53809173505323,台北市,士林區,東山里,2776.75,13526.75
555327054,478500.0,,"(25.112142094886682, 121.54258424403488)",25.112142094886682,121.54258424403488,台北市,士林區,芝山里,2776.75,13527.25
555327057,788000.0,500.0,"(25.112142094886682, 121.55606177097982)",25.112142094886682,121.55606177097982,台北市,士林區,永福里,2776.75,13528.75
555327058,614000.0,,"(25.112142094886682, 121.56055427996148)",25.112142094886682,121.56055427996148,台北市,士林區,翠山里,2776.75,13529.25
555427040,280000.0,468.0,"(25.11666395355147, 121.46961495732413)",25.11666395355147,121.46961495732413,台北市,北投區,關渡里,2777.25,13520.25
555427041,338000.0,,"(25.11666395355147, 121.47410709374753)",25.11666395355147,121.47410709374753,台北市,北投區,關渡里,2777.25,13520.75
555427047,606000.0,,"(25.11666395355147, 121.50105991228803)",25.11666395355147,121.50105991228803,台北市,北投區,立農里,2777.25,13523.75
555427048,475000.0,1000.0,"(25.11666395355147, 121.50555204871144)",25.11666395355147,121.50555204871144,台北市,北投區,立賢里,2777.25,13524.25
555427049,580000.0,1125.0,"(25.11666395355147, 121.51004418513486)",25.11666395355147,121.51004418513486,台北市,北投區,吉利里,2777.25,13524.75
555427050,480000.0,1140.0,"(25.11666395355147, 121.51453632155827)",25.11666395355147,121.51453632155827,台北市,北投區,永明里,2777.25,13525.25
555427051,522000.0,1142.0,"(25.11666395355147, 121.51902845798168)",25.11666395355147,121.51902845798168,台北市,北投區,振華里,2777.25,13525.75
555427052,651000.0,1333.0,"(25.11666395355147, 121.5235205944051)",25.11666395355147,121.5235205944051,台北市,北投區,榮華里,2777.25,13526.25
555427053,574000.0,1096.5,"(25.11666395355147, 121.52801273082851)",25.11666395355147,121.52801273082851,台北市,士林區,天壽里,2777.25,13526.75
555427054,591000.0,,"(25.11666395355147, 121.53250486725192)",25.11666395355147,121.53250486725192,台北市,士林區,天福里,2777.25,13527.25
555427055,627500.0,1083.0,"(25.11666395355147, 121.53699700367534)",25.11666395355147,121.53699700367534,台北市,士林區,三玉里,2777.25,13527.75
555427056,401000.0,,"(25.11666395355147, 121.54148914009875)",25.11666395355147,121.54148914009875,台北市,士林區,東山里,2777.25,13528.25
555427057,890000.0,,"(25.11666395355147, 121.54598127652217)",25.11666395355147,121.54598127652217,台北市,士林區,東山里,2777.25,13528.75
555427059,776000.0,,"(25.11666395355147, 121.55496554936899)",25.11666395355147,121.55496554936899,台北市,士林區,新安里,2777.25,13529.75
555527040,322500.0,,"(25.121185812216254, 121.46202581595738)",25.121185812216254,121.46202581595738,台北市,北投區,關渡里,2777.75,13520.25
555527041,355000.0,1020.5,"(25.121185812216254, 121.46651767172247)",25.121185812216254,121.46651767172247,台北市,北投區,關渡里,2777.75,13520.75
555527042,354000.0,1166.0,"(25.121185812216254, 121.47100952748757)",25.121185812216254,121.47100952748757,台北市,北投區,關渡里,2777.75,13521.25
555527043,374000.0,,"(25.121185812216254, 121.47550138325265)",25.121185812216254,121.47550138325265,台北市,北投區,八仙里,2777.75,13521.75
555527048,325500.0,1000.0,"(25.121185812216254, 121.49796066207811)",25.121185812216254,121.49796066207811,台北市,北投區,八仙里,2777.75,13524.25
555527049,493000.0,1071.0,"(25.121185812216254, 121.5024525178432)",25.121185812216254,121.5024525178432,台北市,北投區,八仙里,2777.75,13524.75
555527050,456000.0,1290.0,"(25.121185812216254, 121.50694437360829)",25.121185812216254,121.50694437360829,台北市,北投區,東華里,2777.75,13525.25
555527051,495000.0,1357.0,"(25.121185812216254, 121.51143622937339)",25.121185812216254,121.51143622937339,台北市,北投區,東華里,2777.75,13525.75
555527054,547000.0,976.0,"(25.121185812216254, 121.52491179666866)",25.121185812216254,121.52491179666866,台北市,北投區,永欣里,2777.75,13527.25
555527055,585000.0,1234.5,"(25.121185812216254, 121.52940365243376)",25.121185812216254,121.52940365243376,台北市,士林區,天玉里,2777.75,13527.75
555527056,456000.0,964.0,"(25.121185812216254, 121.53389550819884)",25.121185812216254,121.53389550819884,台北市,士林區,天和里,2777.75,13528.25
555527057,467000.0,,"(25.121185812216254, 121.53838736396393)",25.121185812216254,121.53838736396393,台北市,士林區,天和里,2777.75,13528.75
555527058,929000.0,,"(25.121185812216254, 121.54287921972903)",25.121185812216254,121.54287921972903,台北市,士林區,東山里,2777.75,13529.25
555527059,347500.0,,"(25.121185812216254, 121.54737107549411)",25.121185812216254,121.54737107549411,台北市,士林區,東山里,2777.75,13529.75
555527060,387000.0,1166.0,"(25.121185812216254, 121.55186293125921)",25.121185812216254,121.55186293125921,台北市,士林區,新安里,2777.75,13530.25
555527061,506500.0,,"(25.121185812216254, 121.5563547870243)",25.121185812216254,121.5563547870243,台北市,士林區,公館里,2777.75,13530.75
555527063,365500.0,,"(25.121185812216254, 121.56533849855448)",25.121185812216254,121.56533849855448,台北市,士林區,公館里,2777.75,13531.75
555627042,497000.0,,"(25.125707670881038, 121.4659042520652)",25.125707670881038,121.4659042520652,台北市,北投區,一德里,2778.25,13521.25
555627043,421000.0,925.0,"(25.125707670881038, 121.47039591904317)",25.125707670881038,121.47039591904317,台北市,北投區,一德里,2778.25,13521.75
555627049,379000.0,1093.0,"(25.125707670881038, 121.49734592091107)",25.125707670881038,121.49734592091107,台北市,北投區,八仙里,2778.25,13524.75
555627050,471000.0,1365.0,"(25.125707670881038, 121.50183758788904)",25.125707670881038,121.50183758788904,台北市,北投區,清江里,2778.25,13525.25
555627051,641500.0,840.0,"(25.125707670881038, 121.50632925486703)",25.125707670881038,121.50632925486703,台北市,北投區,奇岩里,2778.25,13525.75
555627052,409000.0,,"(25.125707670881038, 121.51082092184501)",25.125707670881038,121.51082092184501,台北市,北投區,奇岩里,2778.25,13526.25
555627053,452500.0,,"(25.125707670881038, 121.515312588823)",25.125707670881038,121.515312588823,台北市,北投區,奇岩里,2778.25,13526.75
555627054,537500.0,,"(25.125707670881038, 121.51980425580098)",25.125707670881038,121.51980425580098,台北市,北投區,永欣里,2778.25,13527.25
555627055,562000.0,1137.5,"(25.125707670881038, 121.52429592277896)",25.125707670881038,121.52429592277896,台北市,北投區,永和里,2778.25,13527.75
555627056,542000.0,1279.0,"(25.125707670881038, 121.52878758975693)",25.125707670881038,121.52878758975693,台北市,北投區,永和里,2778.25,13528.25
555627057,518000.0,,"(25.125707670881038, 121.53327925673491)",25.125707670881038,121.53327925673491,台北市,士林區,天母里,2778.25,13528.75
555627058,270000.0,,"(25.125707670881038, 121.5377709237129)",25.125707670881038,121.5377709237129,台北市,士林區,天母里,2778.25,13529.25
555627062,713000.0,,"(25.125707670881038, 121.55573759162482)",25.125707670881038,121.55573759162482,台北市,士林區,新安里,2778.25,13531.25
555627063,200000.0,,"(25.125707670881038, 121.5602292586028)",25.125707670881038,121.5602292586028,台北市,士林區,公館里,2778.25,13531.75
555627064,402000.0,600.0,"(25.125707670881038, 121.56472092558079)",25.125707670881038,121.56472092558079,台北市,士林區,公館里,2778.25,13532.25
555727043,309000.0,1333.0,"(25.130229529545826, 121.46777445193538)",25.130229529545826,121.46777445193538,台北市,北投區,一德里,2778.75,13521.75
555727044,305000.0,1125.0,"(25.130229529545826, 121.47226602197816)",25.130229529545826,121.47226602197816,台北市,北投區,一德里,2778.75,13522.25
555727045,438000.0,,"(25.130229529545826, 121.47675759202095)",25.130229529545826,121.47675759202095,台北市,北投區,一德里,2778.75,13522.75
555727049,487000.0,,"(25.130229529545826, 121.49472387219207)",25.130229529545826,121.49472387219207,台北市,北投區,大同里,2778.75,13524.75
555727050,497500.0,909.5,"(25.130229529545826, 121.49921544223484)",25.130229529545826,121.49921544223484,台北市,北投區,大同里,2778.75,13525.25
555727051,442000.0,1333.0,"(25.130229529545826, 121.50370701227763)",25.130229529545826,121.50370701227763,台北市,北投區,清江里,2778.75,13525.75
555727052,357000.0,743.0,"(25.130229529545826, 121.5081985823204)",25.130229529545826,121.5081985823204,台北市,北投區,奇岩里,2778.75,13526.25
555727053,560000.0,1225.0,"(25.130229529545826, 121.51269015236318)",25.130229529545826,121.51269015236318,台北市,北投區,奇岩里,2778.75,13526.75
555727054,780000.0,,"(25.130229529545826, 121.51718172240597)",25.130229529545826,121.51718172240597,台北市,北投區,奇岩里,2778.75,13527.25
555727056,368000.0,,"(25.130229529545826, 121.52616486249153)",25.130229529545826,121.52616486249153,台北市,北投區,永和里,2778.75,13528.25
555727057,384000.0,,"(25.130229529545826, 121.5306564325343)",25.130229529545826,121.5306564325343,台北市,北投區,永和里,2778.75,13528.75
555727058,558000.0,,"(25.130229529545826, 121.53514800257709)",25.130229529545826,121.53514800257709,台北市,士林區,天母里,2778.75,13529.25
555827045,457000.0,,"(25.13475138821061, 121.47661984380547)",25.13475138821061,121.47661984380547,台北市,北投區,一德里,2779.25,13522.75
555827046,311000.0,,"(25.13475138821061, 121.48111140875504)",25.13475138821061,121.48111140875504,台北市,北投區,一德里,2779.25,13523.25
555827049,181000.0,1000.0,"(25.13475138821061, 121.49458610360378)",25.13475138821061,121.49458610360378,台北市,北投區,豐年里,2779.25,13524.75
555827050,457500.0,1000.0,"(25.13475138821061, 121.49907766855335)",25.13475138821061,121.49907766855335,台北市,北投區,大同里,2779.25,13525.25
555827051,429000.0,1250.0,"(25.13475138821061, 121.50356923350293)",25.13475138821061,121.50356923350293,台北市,北投區,長安里,2779.25,13525.75
555827052,362500.0,977.0,"(25.13475138821061, 121.5080607984525)",25.13475138821061,121.5080607984525,台北市,北投區,溫泉里,2779.25,13526.25
555827053,269000.0,,"(25.13475138821061, 121.5125523634021)",25.13475138821061,121.5125523634021,台北市,北投區,林泉里,2779.25,13526.75
555827057,406500.0,800.0,"(25.13475138821061, 121.5305186232004)",25.13475138821061,121.5305186232004,台北市,北投區,永和里,2779.25,13528.75
555827060,420000.0,1416.0,"(25.13475138821061, 121.54399331804913)",25.13475138821061,121.54399331804913,台北市,士林區,陽明里,2779.25,13530.25
555827061,551000.0,750.0,"(25.13475138821061, 121.54848488299871)",25.13475138821061,121.54848488299871,台北市,士林區,陽明里,2779.25,13530.75
555927046,415000.0,1000.0,"(25.139273246875398, 121.48345764596739)",25.139273246875398,121.48345764596739,台北市,北投區,桃源里,2779.75,13523.25
555927047,348000.0,741.5,"(25.139273246875398, 121.48794929766524)",25.139273246875398,121.48794929766524,台北市,北投區,稻香里,2779.75,13523.75
555927048,386000.0,939.0,"(25.139273246875398, 121.4924409493631)",25.139273246875398,121.4924409493631,台北市,北投區,文化里,2779.75,13524.25
555927049,342000.0,750.0,"(25.139273246875398, 121.49693260106095)",25.139273246875398,121.49693260106095,台北市,北投區,文化里,2779.75,13524.75
555927050,391000.0,678.5,"(25.139273246875398, 121.5014242527588)",25.139273246875398,121.5014242527588,台北市,北投區,中庸里,2779.75,13525.25
555927051,343000.0,1111.5,"(25.139273246875398, 121.50591590445666)",25.139273246875398,121.50591590445666,台北市,北投區,中心里,2779.75,13525.75
555927052,514000.0,1000.0,"(25.139273246875398, 121.5104075561545)",25.139273246875398,121.5104075561545,台北市,北投區,林泉里,2779.75,13526.25
555927053,365000.0,1052.0,"(25.139273246875398, 121.51489920785235)",25.139273246875398,121.51489920785235,台北市,北投區,林泉里,2779.75,13526.75
555927059,397000.0,2166.5,"(25.139273246875398, 121.54184911803948)",25.139273246875398,121.54184911803948,台北市,士林區,陽明里,2779.75,13529.75
555927060,875000.0,1444.0,"(25.139273246875398, 121.54634076973733)",25.139273246875398,121.54634076973733,台北市,士林區,陽明里,2779.75,13530.25
555927061,437000.0,,"(25.139273246875398, 121.55083242143517)",25.139273246875398,121.55083242143517,台北市,士林區,陽明里,2779.75,13530.75
556027046,285500.0,799.0,"(25.143795105540182, 121.48828811358241)",25.143795105540182,121.48828811358241,台北市,北投區,稻香里,2780.25,13523.25
556027047,333500.0,,"(25.143795105540182, 121.49277994387889)",25.143795105540182,121.49277994387889,台北市,北投區,稻香里,2780.25,13523.75
556027048,341000.0,578.0,"(25.143795105540182, 121.49727177417536)",25.143795105540182,121.49727177417536,台北市,北投區,中和里,2780.25,13524.25
556027049,401000.0,950.0,"(25.143795105540182, 121.50176360447183)",25.143795105540182,121.50176360447183,台北市,北投區,開明里,2780.25,13524.75
556027050,372000.0,1000.0,"(25.143795105540182, 121.5062554347683)",25.143795105540182,121.5062554347683,台北市,北投區,開明里,2780.25,13525.25
556027052,136000.0,,"(25.143795105540182, 121.51523909536125)",25.143795105540182,121.51523909536125,台北市,北投區,泉源里,2780.25,13526.25
556027057,479000.0,500.0,"(25.143795105540182, 121.53769824684362)",25.143795105540182,121.53769824684362,台北市,北投區,湖山里,2780.25,13528.75
556027059,250000.0,,"(25.143795105540182, 121.54668190743658)",25.143795105540182,121.54668190743658,台北市,北投區,湖山里,2780.25,13529.75
556027060,2196000.0,,"(25.143795105540182, 121.55117373773305)",25.143795105540182,121.55117373773305,台北市,士林區,陽明里,2780.25,13530.25
556027061,385000.0,,"(25.143795105540182, 121.55566556802953)",25.143795105540182,121.55566556802953,台北市,士林區,菁山里,2780.25,13530.75
556127046,282000.0,,"(25.148316964204966, 121.49560330550709)",25.148316964204966,121.49560330550709,台北市,北投區,秀山里,2780.75,13523.25
556127047,503000.0,,"(25.148316964204966, 121.50009540627079)",25.148316964204966,121.50009540627079,台北市,北投區,秀山里,2780.75,13523.75
556127048,864500.0,,"(25.148316964204966, 121.5045875070345)",25.148316964204966,121.5045875070345,台北市,北投區,大屯里,2780.75,13524.25
556127054,438500.0,900.0,"(25.148316964204966, 121.53154011161672)",25.148316964204966,121.53154011161672,台北市,北投區,泉源里,2780.75,13527.25
556127057,234500.0,,"(25.148316964204966, 121.54501641390783)",25.148316964204966,121.54501641390783,台北市,北投區,湖山里,2780.75,13528.75
556127058,232000.0,,"(25.148316964204966, 121.54950851467153)",25.148316964204966,121.54950851467153,台北市,士林區,陽明里,2780.75,13529.25
556127059,474000.0,,"(25.148316964204966, 121.55400061543523)",25.148316964204966,121.55400061543523,台北市,士林區,菁山里,2780.75,13529.75
556227055,353000.0,833.0,"(25.152838822869754, 121.54583613794162)",25.152838822869754,121.54583613794162,台北市,北投區,湖山里,2781.25,13527.75
556327049,441000.0,937.5,"(25.157360681534538, 121.53116986111434)",25.157360681534538,121.53116986111434,台北市,北投區,泉源里,2781.75,13524.75
556427040,145000.0,,"(25.161882540199326, 121.5055051974155)",25.161882540199326,121.5055051974155,台北市,北投區,大屯里,2782.25,13520.25
553426924,,833.0,"(25.026226780255758, 121.62216578468167)",25.026226780255758,121.62216578468167,台北市,南港區,舊莊里,2767.25,13462.25
553426932,,1000.0,"(25.026226780255758, 121.65830303240317)",25.026226780255758,121.65830303240317,台北市,南港區,舊莊里,2767.25,13466.25
553526930,,1600.0,"(25.030748638920542, 121.59172570138213)",25.030748638920542,121.59172570138213,台北市,信義區,中行里,2767.75,13465.25
553526937,,970.0,"(25.030748638920542, 121.62333083607734)",25.030748638920542,121.62333083607734,台北市,南港區,舊莊里,2767.75,13468.75
553526938,,711.0,"(25.030748638920542, 121.62784585531952)",25.030748638920542,121.62784585531952,台北市,南港區,舊莊里,2767.75,13469.25
553726960,,1000.0,"(25.039792356250114, 121.61957978209549)",25.039792356250114,121.61957978209549,台北市,南港區,舊莊里,2768.75,13480.25
554427011,,894.0,"(25.071445366903614, 121.55193644526936)",25.071445366903614,121.55193644526936,台北市,中山區,大佳里,2772.25,13505.75
554527012,,1222.0,"(25.075967225568398, 121.52395378681385)",25.075967225568398,121.52395378681385,台北市,士林區,明勝里,2772.75,13506.25
554527017,,2200.0,"(25.075967225568398, 121.54644780880123)",25.075967225568398,121.54644780880123,台北市,中山區,永安里,2772.75,13508.75
554627040,,800.0,"(25.080489084233182, 121.6199074667138)",25.080489084233182,121.6199074667138,台北市,內湖區,內溝里,2773.25,13520.25
554827034,,1278.5,"(25.089532801562754, 121.54040568583785)",25.089532801562754,121.54040568583785,台北市,中山區,劍潭里,2774.25,13517.25
555027033,,720.0,"(25.098576518892326, 121.49337404639313)",25.098576518892326,121.49337404639313,台北市,士林區,福安里,2775.25,13516.75
555027048,,1437.5,"(25.098576518892326, 121.56078672365268)",25.098576518892326,121.56078672365268,台北市,士林區,臨溪里,2775.25,13524.25
555027058,,1246.0,"(25.098576518892326, 121.60572850849238)",25.098576518892326,121.60572850849238,台北市,內湖區,內溝里,2775.25,13529.25
555127037,,950.0,"(25.10309837755711, 121.49381628525414)",25.10309837755711,121.49381628525414,台北市,士林區,福安里,2775.75,13518.75
555127048,,956.0,"(25.10309837755711, 121.54324511481077)",25.10309837755711,121.54324511481077,台北市,士林區,永福里,2775.75,13524.25
555127050,,1572.5,"(25.10309837755711, 121.55223217473016)",25.10309837755711,121.55223217473016,台北市,士林區,臨溪里,2775.75,13525.25
555227035,,900.0,"(25.107620236221898, 121.46978446185655)",25.107620236221898,121.46978446185655,台北市,士林區,富洲里,2776.25,13517.75
555427064,,765.0,"(25.11666395355147, 121.57742623148606)",25.11666395355147,121.57742623148606,台北市,士林區,溪山里,2777.25,13532.25
555527047,,877.0,"(25.121185812216254, 121.49346880631302)",25.121185812216254,121.49346880631302,台北市,北投區,八仙里,2777.75,13523.75
555727061,,1662.5,"(25.130229529545826, 121.54862271270542)",25.130229529545826,121.54862271270542,台北市,士林區,陽明里,2778.75,13530.75
555727066,,681.0,"(25.130229529545826, 121.57108056291933)",25.130229529545826,121.57108056291933,台北市,士林區,平等里,2778.75,13533.25
555827044,,1714.0,"(25.13475138821061, 121.47212827885589)",25.13475138821061,121.47212827885589,台北市,北投區,一德里,2779.25,13522.25
555827054,,693.0,"(25.13475138821061, 121.51704392835167)",25.13475138821061,121.51704392835167,台北市,北投區,林泉里,2779.25,13527.25
555827062,,1039.5,"(25.13475138821061, 121.55297644794828)",25.13475138821061,121.55297644794828,台北市,士林區,新安里,2779.25,13531.25
556027053,,983.0,"(25.143795105540182, 121.51973092565773)",25.143795105540182,121.51973092565773,台北市,北投區,泉源里,2780.25,13526.75
556027062,,811.5,"(25.143795105540182, 121.560157398326)",25.143795105540182,121.560157398326,台北市,士林區,菁山里,2780.25,13531.25
556227046,,896.0,"(25.152838822869754, 121.50540396979683)",25.152838822869754,121.50540396979683,台北市,北投區,大屯里,2781.25,13523.25
556227051,,560.0,"(25.152838822869754, 121.52786628543282)",25.152838822869754,121.52786628543282,台北市,北投區,泉源里,2781.25,13525.75
556227056,,950.0,"(25.152838822869754, 121.55032860106883)",25.152838822869754,121.55032860106883,台北市,北投區,湖山里,2781.25,13528.25
556227058,,780.0,"(25.152838822869754, 121.55931352732323)",25.152838822869754,121.55931352732323,台北市,士林區,陽明里,2781.25,13529.25
